date,home_team,away_team,home_goals,away_goals,result,btts,over_2_5,half_time_result,correct_score
2025-01-01,Auckland,Melbourne Victory,0,0,X,No,No,0:0,0:0
2025-01-01,Western Sydney Wanderers,Macarthur,2,3,2,Yes,Yes,1:3,2:3
2025-01-01,Gol Gohar,Chadormalu SC,2,0,1,No,No,0:0,2:0
2025-01-01,Plymouth,Bristol City,2,2,X,Yes,Yes,0:1,2:2
2025-01-01,QPR,Watford,3,1,1,Yes,Yes,2:0,3:1
2025-01-01,Badbaado,Madbacadda,2,2,X,Yes,Yes,1:0,2:2
2025-01-01,Al Jabalain,Al Jandal,1,0,1,No,No,1:0,1:0
2025-01-01,Millwall,Oxford United,0,1,2,No,No,0:0,0:1
2025-01-01,Chesham United,Hemel Hempstead Town,1,0,1,No,No,1:0,1:0
2025-01-01,Oxford City,Brackley Town,0,2,2,No,No,0:1,0:2
2025-01-01,Royston Town,Leiston,1,1,X,Yes,No,0:1,1:1
2025-01-01,Morpeth Town,Blyth Spartans,0,0,X,No,No,0:0,0:0
2025-01-01,Bracknell Town,Basingstoke Town,1,1,X,Yes,No,0:1,1:1
2025-01-01,Hayes & Yeading United,Southall,2,1,1,Yes,Yes,None:None,2:1
2025-01-01,Bedworth United,Coventry Sphinx,0,2,2,No,No,None:None,0:2
2025-01-01,Hadley,Kings Langley,2,1,1,Yes,Yes,None:None,2:1
2025-01-01,Colwyn Bay,Mold Alexandra,5,0,1,No,Yes,1:0,5:0
2025-01-01,Gresford Athletic,Ruthin Town,1,0,1,No,No,1:0,1:0
2025-01-01,Llandudno,Holywell,0,2,2,No,No,0:0,0:2
2025-01-01,Carmarthen Town,Ammanford AFC,3,0,1,No,Yes,1:0,3:0
2025-01-01,Havadar,Persepolis FC,0,5,2,No,Yes,0:1,0:5
2025-01-01,Cambrian & Clydach,Pontypridd Town,3,3,X,Yes,Yes,0:1,3:3
2025-01-01,Taffs Well,Penrhiwceiber Rangers,1,2,2,Yes,Yes,0:1,1:2
2025-01-01,Flint Town United,Newtown AFC,2,0,1,No,No,0:0,2:0
2025-01-01,Haverfordwest County AFC,Aberystwyth Town,1,0,1,No,No,1:0,1:0
2025-01-01,Burnley,Stoke City,0,0,X,No,No,0:0,0:0
2025-01-01,Cardiff,Coventry,1,1,X,Yes,No,1:0,1:1
2025-01-01,Leeds,Blackburn,1,1,X,Yes,No,0:0,1:1
2025-01-01,Luton,Norwich,0,1,2,No,No,0:0,0:1
2025-01-01,Portsmouth,Swansea,4,0,1,No,Yes,2:0,4:0
2025-01-01,Sheffield Wednesday,Derby,4,2,1,Yes,Yes,1:0,4:2
2025-01-01,West Brom,Preston,3,1,1,Yes,Yes,3:0,3:1
2025-01-01,Barnsley,Wrexham,2,1,1,Yes,Yes,2:0,2:1
2025-01-01,Blackpool,Shrewsbury,1,1,X,Yes,No,0:0,1:1
2025-01-01,Bristol Rovers,Leyton Orient,2,3,2,Yes,Yes,1:2,2:3
2025-01-01,Burton Albion,Peterborough,2,2,X,Yes,Yes,2:1,2:2
2025-01-01,Cambridge United,Reading,1,3,2,Yes,Yes,0:1,1:3
2025-01-01,Lincoln,Rotherham,0,1,2,No,No,0:0,0:1
2025-01-01,Mansfield Town,Bolton,2,1,1,Yes,Yes,2:1,2:1
2025-01-01,Northampton,Stevenage,0,0,X,No,No,0:0,0:0
2025-01-01,Stockport County,Birmingham,1,1,X,Yes,No,0:1,1:1
2025-01-01,Wycombe,Exeter City,2,1,1,Yes,Yes,0:0,2:1
2025-01-01,Accrington ST,Grimsby,3,2,1,Yes,Yes,1:2,3:2
2025-01-01,Barrow,Bradford,2,2,X,Yes,Yes,1:1,2:2
2025-01-01,Chesterfield,Milton Keynes Dons,1,2,2,Yes,Yes,0:2,1:2
2025-01-01,Crewe,Carlisle,3,2,1,Yes,Yes,1:1,3:2
2025-01-01,Doncaster,Fleetwood Town,2,1,1,Yes,Yes,1:0,2:1
2025-01-01,Harrogate Town,Salford City,0,2,2,No,No,0:1,0:2
2025-01-01,Morecambe,Tranmere,2,0,1,No,No,0:0,2:0
2025-01-01,Notts County,Walsall,1,2,2,Yes,Yes,1:0,1:2
2025-01-01,Port Vale,Cheltenham,0,0,X,No,No,0:0,0:0
2025-01-01,Swindon Town,Colchester,3,2,1,Yes,Yes,1:1,3:2
2025-01-01,Eastleigh,Barnet,1,1,X,Yes,No,1:0,1:1
2025-01-01,Ebbsfleet United,Dagenham & Redbridge,0,2,2,No,No,0:0,0:2
2025-01-01,Forest Green,Yeovil Town,2,1,1,Yes,Yes,0:1,2:1
2025-01-01,Hartlepool,Oldham,2,1,1,Yes,Yes,1:1,2:1
2025-01-01,Sutton Utd,Aldershot Town,1,1,X,Yes,No,1:0,1:1
2025-01-01,Woking,Maidenhead,3,1,1,Yes,Yes,1:1,3:1
2025-01-01,York,Gateshead,1,0,1,No,No,1:0,1:0
2025-01-01,Bath City,Farnborough,1,0,1,No,No,1:0,1:0
2025-01-01,Boreham Wood,Slough Town,5,1,1,Yes,Yes,1:1,5:1
2025-01-01,Chelmsford City,Aveley,1,0,1,No,No,1:0,1:0
2025-01-01,Maidstone Utd,Welling United,1,0,1,No,No,0:0,1:0
2025-01-01,Salisbury,Weymouth,0,0,X,No,No,0:0,0:0
2025-01-01,St Albans City,Enfield Town,2,1,1,Yes,Yes,1:0,2:1
2025-01-01,Torquay,Truro City,1,0,1,No,No,0:0,1:0
2025-01-01,Weston-super-Mare,Chippenham Town,1,3,2,Yes,Yes,0:2,1:3
2025-01-01,Worthing,Eastbourne Borough,0,0,X,No,No,0:0,0:0
2025-01-01,Alfreton Town,Curzon Ashton,0,1,2,No,No,0:1,0:1
2025-01-01,Chester,Southport,0,0,X,No,No,0:0,0:0
2025-01-01,Kidderminster Harriers,Rushall Olympic,0,1,2,No,No,0:0,0:1
2025-01-01,Leamington,Hereford,2,1,1,Yes,Yes,1:0,2:1
2025-01-01,Needham Market,Peterborough Sports,1,2,2,Yes,Yes,0:2,1:2
2025-01-01,Scarborough Athletic,Spennymoor Town,1,1,X,Yes,No,0:0,1:1
2025-01-01,South Shields,Darlington 1883,0,1,2,No,No,0:1,0:1
2025-01-01,Warrington Town,Marine,0,2,2,No,No,0:2,0:2
2025-01-01,Radcliffe,Farsley Celtic FC,3,0,1,No,Yes,2:0,3:0
2025-01-01,Paradou AC,US Biskra,2,1,1,Yes,Yes,0:1,2:1
2025-01-01,Bishop's Stortford,Bedford Town,1,2,2,Yes,Yes,0:2,1:2
2025-01-01,Halesowen Town,Bromsgrove Sporting,0,2,2,No,No,0:0,0:2
2025-01-01,Harborough Town,Kettering Town,2,1,1,Yes,Yes,2:1,2:1
2025-01-01,Hitchin Town,Barwell,2,0,1,No,No,1:0,2:0
2025-01-01,Spalding United,St Ives Town,3,1,1,Yes,Yes,3:1,3:1
2025-01-01,Stourbridge,Redditch United,1,1,X,Yes,No,0:0,1:1
2025-01-01,Stratford Town,AFC Telford United,4,0,1,No,Yes,2:0,4:0
2025-01-01,Belper Town,Sherwood Colliery,5,2,1,Yes,Yes,1:1,5:2
2025-01-01,Consett,Heaton Stannington,1,1,X,Yes,No,0:0,1:1
2025-01-01,Grimsby Borough,Cleethorpes Town,1,0,1,No,No,0:0,1:0
2025-01-01,Liversedge,Bradford (Park Avenue),1,2,2,Yes,Yes,0:0,1:2
2025-01-01,Stocksbridge Park Steels,Sheffield,3,0,1,No,Yes,2:0,3:0
2025-01-01,Brentwood Town,Concord Rangers,2,2,X,Yes,Yes,1:1,2:2
2025-01-01,Cambridge City,Mildenhall Town,1,1,X,Yes,No,1:0,1:1
2025-01-01,Haringey Borough,Tilbury,2,3,2,Yes,Yes,2:2,2:3
2025-01-01,Maldon & Tiptree,Sporting Bengal United,0,2,2,No,No,0:1,0:2
2025-01-01,Newmarket Town,Redbridge,3,0,1,No,Yes,3:0,3:0
2025-01-01,Waltham Abbey,Walthamstow,0,1,2,No,No,0:0,0:1
2025-01-01,Bognor Regis Town,Chichester City,1,4,2,Yes,Yes,0:2,1:4
2025-01-01,Carshalton Athletic,Cray Valley PM,1,2,2,Yes,Yes,0:2,1:2
2025-01-01,Chatham Town,Dartford,0,2,2,No,No,0:0,0:2
2025-01-01,Cray Wanderers,Dulwich Hamlet,1,0,1,No,No,0:0,1:0
2025-01-01,Dover,Horsham,1,2,2,Yes,Yes,1:0,1:2
2025-01-01,Folkestone Invicta,Hastings United,3,1,1,Yes,Yes,3:0,3:1
2025-01-01,Hashtag United,Billericay Town,1,2,2,Yes,Yes,0:1,1:2
2025-01-01,Ashton United,United of Manchester,2,0,1,No,No,2:0,2:0
2025-01-01,Guiseley AFC,Bamber Bridge,3,1,1,Yes,Yes,1:1,3:1
2025-01-01,Hebburn Town,Workington,3,1,1,Yes,Yes,2:1,3:1
2025-01-01,Hyde United,Macclesfield,2,5,2,Yes,Yes,1:2,2:5
2025-01-01,Ilkeston Town,Basford United,5,0,1,No,Yes,3:0,5:0
2025-01-01,Lancaster City,Mickleover Sports,0,0,X,No,No,0:0,0:0
2025-01-01,Leek Town,Matlock Town,3,3,X,Yes,Yes,2:2,3:3
2025-01-01,Whitby Town,Stockton Town,0,2,2,No,No,0:0,0:2
2025-01-01,Worksop Town,Gainsborough Trinity,4,1,1,Yes,Yes,1:0,4:1
2025-01-01,Dorchester Town,Winchester City,1,0,1,No,No,0:0,1:0
2025-01-01,Gosport Borough,Sholing,4,1,1,Yes,Yes,2:1,4:1
2025-01-01,Marlow,Hanwell Town,0,2,2,No,No,0:1,0:2
2025-01-01,Merthyr Town,Gloucester City,2,2,X,Yes,Yes,0:1,2:2
2025-01-01,Plymouth Parkway,Tiverton Town,0,0,X,No,No,0:0,0:0
2025-01-01,Swindon Supermarine,Hungerford Town,1,3,2,Yes,Yes,1:1,1:3
2025-01-01,Bishop's Cleeve,Malvern Town,4,1,1,Yes,Yes,1:1,4:1
2025-01-01,Bristol Manor Farm,Cribbs,4,0,1,No,Yes,2:0,4:0
2025-01-01,Shaftesbury Town,Melksham Town,4,3,1,Yes,Yes,1:1,4:3
2025-01-01,Westbury United,Larkhall Athletic,3,0,1,No,Yes,0:0,3:0
2025-01-01,Willand Rovers,Falmouth Town,0,1,2,No,No,0:0,0:1
2025-01-01,Ascot United,Binfield,1,0,1,No,No,None:None,1:0
2025-01-01,Ashford Town (Middlesex),Hanworth Villa,2,2,X,Yes,Yes,None:None,2:2
2025-01-01,Guernsey,Sutton Common Rovers,4,3,1,Yes,Yes,None:None,4:3
2025-01-01,Rayners Lane,Hartley Wintney,3,0,1,No,Yes,None:None,3:0
2025-01-01,Uxbridge,Harrow Borough,1,1,X,Yes,No,None:None,1:1
2025-01-01,Ashford United,Sittingbourne,1,1,X,Yes,No,None:None,1:1
2025-01-01,Herne Bay,Margate,1,2,2,Yes,Yes,None:None,1:2
2025-01-01,Lancing,Littlehampton Town,4,2,1,Yes,Yes,None:None,4:2
2025-01-01,Ramsgate,Deal Town,3,0,1,No,Yes,None:None,3:0
2025-01-01,Sheppey United,Hythe Town,3,1,1,Yes,Yes,None:None,3:1
2025-01-01,Chasetown,Hednesford Town,0,3,2,No,Yes,0:1,0:3
2025-01-01,City of Liverpool,Widnes,0,2,2,No,No,0:2,0:2
2025-01-01,Kidsgrove Athletic,Congleton Town,0,3,2,No,Yes,0:2,0:3
2025-01-01,Mossley,Avro,0,1,2,No,No,0:0,0:1
2025-01-01,Nantwich Town,Newcastle Town,2,1,1,Yes,Yes,1:1,2:1
2025-01-01,Runcorn Linnets,Witton Albion,0,4,2,No,Yes,0:2,0:4
2025-01-01,Stafford Rangers,Hanley Town,2,1,1,Yes,Yes,1:0,2:1
2025-01-01,Long Eaton United,Leicester Road,1,1,X,Yes,No,0:0,1:1
2025-01-01,Loughborough University,AFC Rushden & Diamonds,1,1,X,Yes,No,None:None,1:1
2025-01-01,Racing Club Warwick,Rugby Town,1,0,1,No,No,0:0,1:0
2025-01-01,Shepshed Dynamo,Grantham Town,1,1,X,Yes,No,1:1,1:1
2025-01-01,Sutton Coldfield Town,Coleshill Town,1,2,2,Yes,Yes,0:0,1:2
2025-01-01,Biggleswade,AFC Dunstable,3,0,1,No,Yes,1:0,3:0
2025-01-01,Enfield 1893,Leighton Town,1,5,2,Yes,Yes,1:1,1:5
2025-01-01,Ware,Hertford Town,1,1,X,Yes,No,None:None,1:1
2025-01-01,Medeama,Karela,1,0,1,No,No,1:0,1:0
2025-01-01,Future FC,Ismaily SC,0,3,2,No,Yes,0:0,0:3
2025-01-01,Gendrim,Ksar,1,0,1,No,No,0:0,1:0
2025-01-01,Brentford,Arsenal,1,3,2,Yes,Yes,1:1,1:3
2025-01-01,Hull City,Middlesbrough,0,1,2,No,No,0:0,0:1
2025-01-01,Braintree,Southend,0,1,2,No,No,0:1,0:1
2025-01-01,Hapoel Katamon,Hapoel Haifa,1,0,1,No,No,1:0,1:0
2025-01-01,Maccabi Netanya,Beitar Jerusalem,3,0,1,No,Yes,1:0,3:0
2025-01-01,Ghazl El Mehalla,National Bank of Egypt,0,1,2,No,No,0:1,0:1
2025-01-01,Hapoel Beer Sheva,Maccabi Tel Aviv,2,2,X,Yes,Yes,0:0,2:2
2025-01-01,Al Merreikh,Inter Nouakchott,0,1,2,No,No,0:0,0:1
2025-01-01,Sunderland,Sheffield Utd,2,1,1,Yes,Yes,2:1,2:1
2025-01-02,India W,Maldives W,11,1,1,Yes,Yes,6:1,11:1
2025-01-02,ZOB Ahan,Nassaji Mazandaran,0,0,X,No,No,0:0,0:0
2025-01-02,Kheybar Khorramabad,Mes Rafsanjan,1,2,2,Yes,Yes,1:1,1:2
2025-01-02,Aluminium Arak,Shams Azar Qazvin,3,0,1,No,Yes,2:0,3:0
2025-01-02,Al Kahrabaa,Naft,0,0,X,No,No,0:0,0:0
2025-01-02,Al-Karma,Karbala,0,0,X,No,No,0:0,0:0
2025-01-02,Foolad FC,Malavan,2,1,1,Yes,Yes,1:0,2:1
2025-01-02,Sporting Alexandria,El Hamam,1,1,X,Yes,No,0:0,1:1
2025-01-02,Abu Qair Semad,Baladiyyat Al Mehalla,3,0,1,No,Yes,2:0,3:0
2025-01-02,Itesalat,El Shams,1,1,X,Yes,No,0:0,1:1
2025-01-02,Tractor Sazi,Esteghlal Khuzestan,3,0,1,No,Yes,1:0,3:0
2025-01-02,Cotonsport,Les Astres,1,1,X,Yes,No,1:1,1:1
2025-01-02,Mogadishu City,Gaadiidka,1,0,1,No,No,1:0,1:0
2025-01-02,Petrojet,El Mokawloon,0,0,X,No,No,0:0,0:0
2025-01-02,Masr,Dayrout,3,1,1,Yes,Yes,1:1,3:1
2025-01-02,Police,KCCA,0,0,X,No,No,0:0,0:0
2025-01-02,Maroons,Mbale Heroes,1,0,1,No,No,1:0,1:0
2025-01-02,Al-Anwar,Al-Akhdar,1,2,2,Yes,Yes,0:1,1:2
2025-01-02,Vietnam,Thailand,2,1,1,Yes,Yes,0:0,2:1
2025-01-02,Al-Nahda,Asswehly,0,2,2,No,No,0:1,0:2
2025-01-02,ATK Mohun Bagan,Hyderabad,3,0,1,No,Yes,2:0,3:0
2025-01-02,JS Saoura,Khenchela,2,1,1,Yes,Yes,0:0,2:1
2025-01-02,Duhok,Naft Al-Janoob,1,0,1,No,No,0:0,1:0
2025-01-02,Esteghlal FC,Sepahan FC,1,1,X,Yes,No,1:0,1:1
2025-01-02,Gazelle,Aigle Royal de Moungo,1,1,X,Yes,No,0:0,1:1
2025-01-02,Aberdeen,Ross County,1,2,2,Yes,Yes,1:1,1:2
2025-01-02,Heart Of Midlothian,Motherwell,1,0,1,No,No,1:0,1:0
2025-01-02,Kilmarnock,ST Mirren,2,0,1,No,No,1:0,2:0
2025-01-02,Rangers,Celtic,3,0,1,No,Yes,1:0,3:0
2025-01-02,ST Johnstone,Hibernian,1,1,X,Yes,No,1:0,1:1
2025-01-02,Al-Nasr,Khaleej Sart,2,0,1,No,No,1:0,2:0
2025-01-02,Al-Tirsana,Abu Salim,1,1,X,Yes,No,1:0,1:1
2025-01-02,Étoiles Mandé,Onze Créateurs,1,2,2,Yes,Yes,None:None,1:2
2025-01-02,Express,Bright Stars,2,1,1,Yes,Yes,0:1,2:1
2025-01-02,Tevragh-Zeïne,AC Douane,0,0,X,No,No,0:0,0:0
2025-01-02,Kaédi,Nouakchott King's,3,3,X,Yes,Yes,1:2,3:3
2025-01-02,Police,Bougouni,0,1,2,No,No,None:None,0:1
2025-01-02,Al Minaa Basra,Naft Maysan,1,0,1,No,No,0:0,1:0
2025-01-02,AEL,Apollon Limassol,0,1,2,No,No,0:0,0:1
2025-01-02,Anorthosis,Pafos,0,2,2,No,No,0:0,0:2
2025-01-02,Dundee,Dundee Utd,1,2,2,Yes,Yes,0:0,1:2
2025-01-02,Nouadhibou,SNIM,2,1,1,Yes,Yes,1:0,2:1
2025-01-02,Maccabi Haifa,Maccabi Bnei Raina,2,0,1,No,No,1:0,2:0
2025-01-02,Shimshon Kafr Qasim,Nordia Jerusalem,0,6,2,No,Yes,0:2,0:6
2025-01-02,Afrique Football Élite,US Bougouba,1,1,X,Yes,No,None:None,1:1
2025-01-02,São Carlos U20,Imperatriz U20,2,1,1,Yes,Yes,0:0,2:1
2025-01-02,Inter,Atalanta,2,0,1,No,No,0:0,2:0
2025-01-02,Gillingham,Bromley,0,3,2,No,Yes,0:2,0:3
2025-01-02,Newport County,AFC Wimbledon,1,2,2,Yes,Yes,0:0,1:2
2025-01-02,Mirassol U20,Rio Branco ES U20,2,1,1,Yes,Yes,0:1,2:1
2025-01-02,Cruzeiro U20,Real Brasília U20,1,1,X,Yes,No,1:0,1:1
2025-01-02,Criciuma U20,Capitão Poço U20,1,0,1,No,No,0:0,1:0
2025-01-02,Votuporanguense U20,Floresta CE U20,2,0,1,No,No,2:0,2:0
2025-01-03,Botafogo U20,Fast U20,2,1,1,Yes,Yes,0:1,2:1
2025-01-03,Melbourne City,Wellington Phoenix,2,0,1,No,No,1:0,2:0
2025-01-03,Western United W,Newcastle Jets FC W,2,0,1,No,No,0:0,2:0
2025-01-03,Brisbane Roar,Central Coast Mariners,1,3,2,Yes,Yes,0:1,1:3
2025-01-03,Fortis,Abahani,0,0,X,No,No,0:0,0:0
2025-01-03,Brothers Union,Fakirerpool,3,0,1,No,Yes,3:0,3:0
2025-01-03,Bangladesh Police,Bashundhara Kings,0,5,2,No,Yes,0:3,0:5
2025-01-03,FC Jerusalem,Tzeirey Tira,2,2,X,Yes,Yes,0:1,2:2
2025-01-03,Maccabi Shaarayim,Hapoel Azor,0,2,2,No,No,0:0,0:2
2025-01-03,Hapoel Migdal HaEmek,Ironi Baka El Garbiya,2,2,X,Yes,Yes,1:2,2:2
2025-01-03,Shahrdari Noshahr,Damash Gilanian,5,0,1,No,Yes,2:0,5:0
2025-01-03,Maccabi Yavne,Dimona,2,1,1,Yes,Yes,1:0,2:1
2025-01-03,Holon Yermiyahu,Agudat Sport Ashdod,1,1,X,Yes,No,1:1,1:1
2025-01-03,Perth Glory,Western United,2,3,2,Yes,Yes,1:1,2:3
2025-01-03,Hapoel Ironi Arraba,Hapoel Beit Shean,3,2,1,Yes,Yes,1:1,3:2
2025-01-03,Hapoel Herzliya,Hapoel Marmorek,1,0,1,No,No,0:0,1:0
2025-01-03,Kiryat Yam SC,Hapoel Bnei Musmus,1,1,X,Yes,No,0:0,1:1
2025-01-03,Hapoel Kfar Kana,Hapoel Bu'eine,1,2,2,Yes,Yes,1:0,1:2
2025-01-03,Tira,Maccabi K. Ata Bialik,1,0,1,No,No,0:0,1:0
2025-01-03,Ironi Modi'in,Shimshon Tel Aviv,1,0,1,No,No,0:0,1:0
2025-01-03,Maccabi Kiryat Malachi,Hapoel Lod,0,0,X,No,No,0:0,0:0
2025-01-03,Be'sat Kermanshah,Naft Masjed Soleyman,1,0,1,No,No,1:0,1:0
2025-01-03,Mes Soongoun,Pars Jonoubi JAM,1,0,1,No,No,0:0,1:0
2025-01-03,Shahrdari Astara,Shahre Raz,0,2,2,No,No,0:1,0:2
2025-01-03,Mes Kerman,Paykan,1,0,1,No,No,0:0,1:0
2025-01-03,NagaWorld,Svay Rieng,0,2,2,No,No,0:1,0:2
2025-01-03,Newroz,Diyala,2,1,1,Yes,Yes,0:0,2:1
2025-01-03,Maccabi Ahi Nazareth,Ironi Nesher,2,1,1,Yes,Yes,2:1,2:1
2025-01-03,Niroye Zamini,Mes Shahr-e Babak,0,0,X,No,No,0:0,0:0
2025-01-03,Fajr Sepasi,Saipa,0,0,X,No,No,0:0,0:0
2025-01-03,Maccabi Nujeidat Ahmed,Tzeirei Kafr Kanna,0,2,2,No,No,0:1,0:2
2025-01-03,Sanat Naft,Ario Eslamshahr,1,1,X,Yes,No,0:0,1:1
2025-01-03,Al Hudod,Al-Qasim,2,4,2,Yes,Yes,1:2,2:4
2025-01-03,Tzeirei Umm al-Fahm,Hapoel Bnei Zalafa,3,1,1,Yes,Yes,3:0,3:1
2025-01-03,Arba Minch Kenema,Sidama Bunna,0,1,2,No,No,0:0,0:1
2025-01-03,Naft Bandar Abbas,Naft Gachsaran,1,0,1,No,No,0:0,1:0
2025-01-03,Elman,Raadsan,3,1,1,Yes,Yes,3:1,3:1
2025-01-03,Al-Suqoor,Al-Tahaddi,3,0,1,No,Yes,2:0,3:0
2025-01-03,Pharco,Tersana,3,1,1,Yes,Yes,1:0,3:1
2025-01-03,El Gouna FC,Olympic El Qanah,2,0,1,No,No,1:0,2:0
2025-01-03,Hapoel Ramat Gan,Hapoel Nazareth Illit,3,1,1,Yes,Yes,1:0,3:1
2025-01-03,Hapoel Ra'anana,Hapoel Kfar Shalem,2,2,X,Yes,Yes,1:2,2:2
2025-01-03,Bnei Yehuda,Hapoel Acre,0,1,2,No,No,0:0,0:1
2025-01-03,Hapoel Afula,Maccabi Herzliya,2,3,2,Yes,Yes,1:2,2:3
2025-01-03,Maccabi Kabilio Jaffa,Hapoel Kfar Saba,0,1,2,No,No,0:0,0:1
2025-01-03,Lugazi,BUL,1,2,2,Yes,Yes,1:1,1:2
2025-01-03,UPDF,Vipers,0,1,2,No,No,0:1,0:1
2025-01-03,Wefaq Ajdabiya,Al Borouq,1,1,X,Yes,No,1:0,1:1
2025-01-03,Témouchent,CA Batna,3,1,1,Yes,Yes,0:0,3:1
2025-01-03,NR Bouakal,Béni Thamou,0,2,2,No,No,0:1,0:2
2025-01-03,Blida,IRB Sedrata,0,0,X,No,No,0:0,0:0
2025-01-03,ES Guelma,JS Kabylie,0,2,2,No,No,0:2,0:2
2025-01-03,Tiaret,Théniet El-Abed,4,0,1,No,Yes,2:0,4:0
2025-01-03,IRB El Kerma,ASO Chlef,2,1,1,Yes,Yes,1:0,2:1
2025-01-03,JSM Hai Jebel,Oued Fodda,2,1,1,Yes,Yes,0:0,2:1
2025-01-03,Touggourt,RC Bougaa,2,0,1,No,No,1:0,2:0
2025-01-03,Shabab Al-Ghar,Al-Magd,1,0,1,No,No,0:0,1:0
2025-01-03,NorthEast United,Mohammedan,0,0,X,No,No,0:0,0:0
2025-01-03,USM Bel Abbes,Azazga,2,0,1,No,No,1:0,2:0
2025-01-03,USM Annaba,Aïn Yagout,2,1,1,Yes,Yes,0:0,2:1
2025-01-03,MO Bejaia,Khroub,2,1,1,Yes,Yes,1:0,2:1
2025-01-03,Zakho,Al Karkh,2,0,1,No,No,1:0,2:0
2025-01-03,Enosis,Omonia 29is Maiou,2,1,1,Yes,Yes,2:0,2:1
2025-01-03,Fasil Ketema,Awassa Kenema,0,0,X,No,No,0:0,0:0
2025-01-03,Police,ASPAC,2,2,X,Yes,Yes,0:2,2:2
2025-01-03,Mostaganem,WAB Tissemsilt,1,1,X,Yes,No,0:0,1:1
2025-01-03,El Eulma,ES Setif,0,2,2,No,No,0:1,0:2
2025-01-03,Al Bashaer Club,Olympic Azzaweya,1,2,2,Yes,Yes,1:2,1:2
2025-01-03,Enppi,Haras El Hodood,1,0,1,No,No,0:0,1:0
2025-01-03,El Geish,El Olympi,2,2,X,Yes,Yes,0:0,2:2
2025-01-03,Comercial U20,Retrô U20,1,0,1,No,No,1:0,1:0
2025-01-03,Banjul,Steve Biko,0,1,2,No,No,0:1,0:1
2025-01-03,Bombada,Falcons,0,0,X,No,No,0:0,0:0
2025-01-03,Real de Banjul,Marimoo,1,0,1,No,No,1:0,1:0
2025-01-03,Tanabi SP U20,Operário PR U20,0,6,2,No,Yes,0:3,0:6
2025-01-03,Bandeirante U20,Tuna Luso PA U20,2,1,1,Yes,Yes,1:1,2:1
2025-01-03,Tupã U20,Brasiliense U20,1,0,1,No,No,0:0,1:0
2025-01-03,Desportivo Brasil U20,Dom Bosco U20,3,0,1,No,Yes,0:0,3:0
2025-01-03,Atlas,Atletico San Luis,1,1,X,Yes,No,0:0,1:1
2025-01-03,Al Zawra'a,Al Quwa Al Jawiya,3,1,1,Yes,Yes,1:1,3:1
2025-01-03,Aris,Omonia Aradippou,2,0,1,No,No,0:0,2:0
2025-01-03,Rizespor,Besiktas,1,1,X,Yes,No,1:1,1:1
2025-01-03,Alanyaspor,Konyaspor,2,1,1,Yes,Yes,1:0,2:1
2025-01-03,Kocaelispor,76 Iğdır Belediyespor,3,0,1,No,Yes,2:0,3:0
2025-01-03,AEK Larnaca,Omonia Nicosia,0,3,2,No,Yes,0:1,0:3
2025-01-03,Hearts of Oak,Legon Cities,1,0,1,No,No,1:0,1:0
2025-01-03,Vitória U20,São José PA U20,2,0,1,No,No,0:0,2:0
2025-01-03,Pontevedra,Mallorca,3,0,1,No,Yes,1:0,3:0
2025-01-03,Granada CF,Getafe,0,1,2,No,No,0:0,0:1
2025-01-03,Racing Ferrol,Rayo Vallecano,1,3,2,Yes,Yes,0:2,1:3
2025-01-03,Santa Cruz U20,Força e Luz U20,5,0,1,No,Yes,2:0,5:0
2025-01-03,Azuriz U20,Botafogo SP U20,3,3,X,Yes,Yes,0:3,3:3
2025-01-03,CRB U20,Água Santa U20,0,3,2,No,Yes,0:1,0:3
2025-01-03,Coritiba U20,Hercílio Luz U20,2,1,1,Yes,Yes,0:0,2:1
2025-01-03,Oeste U20,Santa Cruz AC U20,1,1,X,Yes,No,0:0,1:1
2025-01-03,Paris FC,Martigues,1,2,2,Yes,Yes,1:0,1:2
2025-01-03,Grenoble,Bastia,3,2,1,Yes,Yes,1:1,3:2
2025-01-03,Ajaccio,Annecy,1,2,2,Yes,Yes,1:1,1:2
2025-01-03,Rodez,RED Star FC 93,0,2,2,No,No,0:1,0:2
2025-01-03,Amiens,Estac Troyes,0,3,2,No,Yes,0:2,0:3
2025-01-03,Caen,Clermont Foot,0,1,2,No,No,0:0,0:1
2025-01-03,CR Belouizdad,Al Ahly,1,0,1,No,No,0:0,1:0
2025-01-03,Juventus,AC Milan,1,2,2,Yes,Yes,1:0,1:2
2025-01-03,Comercial de Tietê U20,Juventude U20,0,1,2,No,No,0:0,0:1
2025-01-03,Chabab Mohammédia,FUS Rabat,0,2,2,No,No,0:0,0:2
2025-01-03,Caerau (Ely),Cwmbran Celtic,1,2,2,Yes,Yes,0:1,1:2
2025-01-03,Newport City,Trethomas Bluebirds,1,2,2,Yes,Yes,0:2,1:2
2025-01-03,H&W Welders,Glentoran,2,4,2,Yes,Yes,1:1,2:4
2025-01-03,Linense U20,Coimbra U20,5,2,1,Yes,Yes,3:1,5:2
2025-01-03,Valencia,Real Madrid,1,2,2,Yes,Yes,1:0,1:2
2025-01-03,Nice,Rennes,3,2,1,Yes,Yes,3:1,3:2
2025-01-03,Guimaraes,Sporting CP,4,4,X,Yes,Yes,1:2,4:4
2025-01-03,Ferroviária U20,Jaciobá U20,8,0,1,No,Yes,4:0,8:0
2025-01-03,Phoenix,Central,2,6,2,Yes,Yes,0:3,2:6
2025-01-03,Point Fortin,Cunupia,4,1,1,Yes,Yes,2:0,4:1
2025-01-03,Palmeiras U20,Náutico RR U20,9,0,1,No,Yes,4:0,9:0
2025-01-03,América RN U20,Operário AC MS U20,1,1,X,Yes,No,1:1,1:1
2025-01-03,Police,La Horquetta Rangers,1,2,2,Yes,Yes,0:1,1:2
2025-01-03,Fluminense U20,Inter Limeira U20,2,1,1,Yes,Yes,1:1,2:1
2025-01-03,Francana U20,Nova Iguaçu U20,1,1,X,Yes,No,1:1,1:1
2025-01-03,Osasco Audax U20,Mazagão U20,3,0,1,No,Yes,3:0,3:0
2025-01-03,Club Sando,Morvant Caledonia United,2,2,X,Yes,Yes,1:2,2:2
2025-01-03,San Juan Jabloteh,Prison Service,2,2,X,Yes,Yes,1:2,2:2
2025-01-03,Santos U20,Pague Menos U20,1,0,1,No,No,None:None,1:0
2025-01-04,Defence Force,Ath­let­ic Club,6,3,1,Yes,Yes,4:3,6:3
2025-01-04,Escobedo,Colindres,2,1,1,Yes,Yes,1:1,2:1
2025-01-04,Sporting Gijon,Langreo,2,0,1,No,No,1:0,2:0
2025-01-04,Santa Amalia,Mérida AD,0,5,2,No,Yes,0:2,0:5
2025-01-04,Illescas,Toledo,1,0,1,No,No,0:0,1:0
2025-01-04,FC Eindhoven,Fortuna Sittard,2,1,1,Yes,Yes,1:0,2:1
2025-01-04,Vitesse,GVVV Veenendaal,3,2,1,Yes,Yes,0:1,3:2
2025-01-04,De Graafschap,HHC,5,3,1,Yes,Yes,2:1,5:3
2025-01-04,Cascavel,Londrina,2,1,1,Yes,Yes,0:0,2:1
2025-01-04,Atlético Mineiro U20,Guarani U20,1,2,2,Yes,Yes,1:0,1:2
2025-01-04,Athletico PR U20,Ferroviario U20,2,1,1,Yes,Yes,1:1,2:1
2025-01-04,Atlas W,Santos Laguna W,1,3,2,Yes,Yes,0:2,1:3
2025-01-04,Wellington Phoenix W,Perth Glory FC W,2,0,1,No,No,0:0,2:0
2025-01-04,Newcastle Jets,Sydney,2,2,X,Yes,Yes,1:0,2:2
2025-01-04,Central Coast Mariners W,Adelaide United W,0,1,2,No,No,0:1,0:1
2025-01-04,Persewar,Persipura Jayapura,1,3,2,Yes,Yes,1:1,1:3
2025-01-04,Brisbane Roar FC W,Canberra United W,1,2,2,Yes,Yes,0:0,1:2
2025-01-04,Persiku Kudus,Persikas,2,0,1,No,No,2:0,2:0
2025-01-04,Young Elephant,Viengchanh,5,0,1,No,Yes,3:0,5:0
2025-01-04,PSPS,PSMS Medan,1,0,1,No,No,0:0,1:0
2025-01-04,Sriwijaya FC,Putra Sinar Giri,5,3,1,Yes,Yes,2:0,5:3
2025-01-04,Persibo,Cilegon United,7,0,1,No,Yes,3:0,7:0
2025-01-04,Melbourne Victory,Western Sydney Wanderers,2,2,X,Yes,Yes,1:1,2:2
2025-01-04,Abahani Chittagong,Mohammedan Dhaka,1,5,2,Yes,Yes,0:0,1:5
2025-01-04,Rahmatgonj MFS,Dhaka Wanderers,6,1,1,Yes,Yes,3:0,6:1
2025-01-04,Cesena U20,Torino U20,2,1,1,Yes,Yes,0:0,2:1
2025-01-04,Lecce U20,Cagliari U20,3,0,1,No,Yes,3:0,3:0
2025-01-04,Milan U20,Lazio U20,0,0,X,No,No,0:0,0:0
2025-01-04,Adana Demirspor,Istanbul Basaksehir,0,1,2,No,No,0:1,0:1
2025-01-04,Şanlıurfaspor,Yeni Çorumspor,0,0,X,No,No,0:0,0:0
2025-01-04,Yeni Malatyaspor,Boluspor,2,4,2,Yes,Yes,1:2,2:4
2025-01-04,Portimonense,Alverca,1,0,1,No,No,0:0,1:0
2025-01-04,Trat FC,Pattaya United,3,0,1,No,Yes,None:None,3:0
2025-01-04,Kasetsart FC,Chanthaburi,1,2,2,Yes,Yes,1:0,1:2
2025-01-04,Life Sihanoukville,Boeung Ket,1,4,2,Yes,Yes,0:2,1:4
2025-01-04,Angkor Tiger,Kirivong Sok Sen Chey,6,0,1,No,Yes,3:0,6:0
2025-01-04,National Defense,Dangkor Senchey,1,2,2,Yes,Yes,1:1,1:2
2025-01-04,Nakhon Si Thammarat,Police Tero,4,0,1,No,Yes,3:0,4:0
2025-01-04,Odisha,Goa,2,4,2,Yes,Yes,1:2,2:4
2025-01-04,Al Talaba,Al Najaf,2,1,1,Yes,Yes,1:0,2:1
2025-01-04,Jong PSV,Katwijk,2,1,1,Yes,Yes,None:None,2:1
2025-01-04,Fiorentina U20,Empoli U20,4,4,X,Yes,Yes,1:2,4:4
2025-01-04,Juventus U20,Internazionale U20,3,2,1,Yes,Yes,0:1,3:2
2025-01-04,Chainat,Esan Pattaya,0,2,2,No,No,0:2,0:2
2025-01-04,Phrae United,Lampang FC,1,2,2,Yes,Yes,0:2,1:2
2025-01-04,Leeds United U21,Charlton Athletic U21,0,3,2,No,Yes,0:2,0:3
2025-01-04,Persekat,PSIM Yogyakarta,0,0,X,No,No,0:0,0:0
2025-01-04,Bahardar,Dire Dawa Kenema,1,1,X,Yes,No,1:0,1:1
2025-01-04,Zulte Waregem,Roda,6,0,1,No,Yes,3:0,6:0
2025-01-04,Tottenham,Newcastle,1,2,2,Yes,Yes,1:2,1:2
2025-01-04,Blackburn,Burnley,0,1,2,No,No,0:0,0:1
2025-01-04,Stoke City,Plymouth,0,0,X,No,No,0:0,0:0
2025-01-04,Swansea,West Brom,1,1,X,Yes,No,0:0,1:1
2025-01-04,Burton Albion,Northampton,0,1,2,No,No,0:0,0:1
2025-01-04,Cambridge United,Bristol Rovers,0,1,2,No,No,0:1,0:1
2025-01-04,Notts County,Swindon Town,2,0,1,No,No,2:0,2:0
2025-01-04,Al Zulfi,Al Taee,2,3,2,Yes,Yes,1:1,2:3
2025-01-04,Al-Hazm,Al Bukayriyah,0,3,2,No,Yes,0:2,0:3
2025-01-04,AEP Polemidion,Kouris Erimi,1,4,2,Yes,Yes,0:3,1:4
2025-01-04,APEA,ASPIS,0,0,X,No,No,None:None,0:0
2025-01-04,Kedros Agia Marina,Ethnikos Latsion,3,1,1,Yes,Yes,2:1,3:1
2025-01-04,Ormideia,EN THOI Lakatamia,1,2,2,Yes,Yes,0:1,1:2
2025-01-04,Omonia Psevda,Leivadia,1,0,1,No,No,1:0,1:0
2025-01-04,Doxa Palaiometochou,Geroskipou,1,2,2,Yes,Yes,None:None,1:2
2025-01-04,Ermis,Anorthosis Mouttagiakas,0,1,2,No,No,None:None,0:1
2025-01-04,APOP Polis,Iraklis Yerolakkou,0,2,2,No,No,None:None,0:2
2025-01-04,Horseed,Jeenyo,4,2,1,Yes,Yes,2:1,4:2
2025-01-04,Eding Sport,Union Abong-Mbang,1,0,1,No,No,1:0,1:0
2025-01-04,Ismaily SC,Tanta SC,1,0,1,No,No,1:0,1:0
2025-01-04,National Bank of Egypt,Asyut Petrol,1,0,1,No,No,0:0,1:0
2025-01-04,Al Fujairah SC,Emirates Club,2,1,1,Yes,Yes,0:1,2:1
2025-01-04,Al Jazira Al Hamra,Gulf Heroes,3,2,1,Yes,Yes,2:2,3:2
2025-01-04,Al Hamriyah,Al Arabi,1,1,X,Yes,No,1:0,1:1
2025-01-04,Metz,PAU,0,0,X,No,No,0:0,0:0
2025-01-04,Guingamp,Dunkerque,1,1,X,Yes,No,0:0,1:1
2025-01-04,Hapoel Haifa,Maccabi Petah Tikva,5,1,1,Yes,Yes,2:0,5:1
2025-01-04,Bradford,Grimsby,3,1,1,Yes,Yes,1:0,3:1
2025-01-04,Antalyaspor,Eyüpspor,1,4,2,Yes,Yes,0:3,1:4
2025-01-04,Ankaragucu,Keçiörengücü,2,0,1,No,No,1:0,2:0
2025-01-04,Musanze,APR,0,1,2,No,No,0:0,0:1
2025-01-04,Gasogi United,AS Kigali,1,2,2,Yes,Yes,1:1,1:2
2025-01-04,Stade Tunisien,US Tataouine,3,1,1,Yes,Yes,0:1,3:1
2025-01-04,ES Metlaoui,US Monastirienne,0,0,X,No,No,0:0,0:0
2025-01-04,ES Zarzis,AS Soliman,1,0,1,No,No,0:0,1:0
2025-01-04,SC Villa,URA,1,0,1,No,No,0:0,1:0
2025-01-04,Afantou,Rodos,0,2,2,No,No,0:0,0:2
2025-01-04,Mtarfa,Marsa,0,2,2,No,No,0:1,0:2
2025-01-04,Swieqi United,Pietà Hotspurs,1,0,1,No,No,1:0,1:0
2025-01-04,Young Africans,TP Mazembe,3,1,1,Yes,Yes,1:1,3:1
2025-01-04,RC Kouba,GC Mascara,2,0,1,No,No,1:0,2:0
2025-01-04,NC Magra,MB Rouisset,1,0,1,No,No,0:0,1:0
2025-01-04,Usm El Harrach,Hussein Dey,1,0,1,No,No,1:0,1:0
2025-01-04,IRB Nezla,Koléa,0,1,2,No,No,0:0,0:1
2025-01-04,US Chaouia,WA Mostaganem,1,0,1,No,No,0:0,1:0
2025-01-04,Nasr El Fedjoudj,El Bayadh,0,1,2,No,No,0:0,0:1
2025-01-04,JSM Bejaia,USB Hassi R Mel,2,1,1,Yes,Yes,1:1,2:1
2025-01-04,Sidi Abdelmoumen,A El-Eulma,0,2,2,No,No,0:0,0:2
2025-01-04,MB Barika,JS Jijel,1,2,2,Yes,Yes,0:2,1:2
2025-01-04,Zabbar St. Patrick,Sliema Wanderers,1,0,1,No,No,1:0,1:0
2025-01-04,Sidwashini United,Madlenya,2,2,X,Yes,Yes,None:None,2:2
2025-01-04,Royal Leopards,Manzini Sea Birds,3,0,1,No,Yes,None:None,3:0
2025-01-04,Ezulwini United,Moneni Pirates,1,3,2,Yes,Yes,None:None,1:3
2025-01-04,Highlanders,Green Mamba,0,2,2,No,No,None:None,0:2
2025-01-04,Ariana,Menzel Bourguiba,1,0,1,No,No,0:0,1:0
2025-01-04,Mégrine,EM Mahdia,2,1,1,Yes,Yes,0:1,2:1
2025-01-04,Oued Ellil,Kalaâ Sport,1,0,1,No,No,1:0,1:0
2025-01-04,Korba,ES Hammam-Sousse,0,0,X,No,No,0:0,0:0
2025-01-04,Jendouba Sport,CS Hammam-Lif,1,1,X,Yes,No,1:0,1:1
2025-01-04,M'saken,AS Marsa,0,0,X,No,No,0:0,0:0
2025-01-04,Moknine,Radès,0,0,X,No,No,0:0,0:0
2025-01-04,Al Shorta,Erbil,4,1,1,Yes,Yes,1:0,4:1
2025-01-04,Amazulu,Golden Arrows,0,0,X,No,No,0:0,0:0
2025-01-04,TS Galaxy,Magesi,0,0,X,No,No,0:0,0:0
2025-01-04,Crusaders FC,Knockbreda,3,0,1,No,Yes,2:0,3:0
2025-01-04,MJ Arzew,El Abiodh Sidi Cheikh,2,1,1,Yes,Yes,0:0,2:1
2025-01-04,Denbigh Town,Holywell,2,4,2,Yes,Yes,2:0,2:4
2025-01-04,Llay Miners Welfare,Bangor 1876,1,1,X,Yes,No,0:0,1:1
2025-01-04,Buckley Town,Guilsfield,1,1,X,Yes,No,0:0,1:1
2025-01-04,Carmarthen Town,Taffs Well,2,0,1,No,No,1:0,2:0
2025-01-04,Venezia,Empoli,1,1,X,Yes,No,1:1,1:1
2025-01-04,Chaves,Penafiel,0,1,2,No,No,0:1,0:1
2025-01-04,Virtus Verona,Alcione,1,0,1,No,No,1:0,1:0
2025-01-04,Triestina,Clodiense,3,0,1,No,Yes,0:0,3:0
2025-01-04,Juventus U23,Casertana,1,0,1,No,No,0:0,1:0
2025-01-04,Crotone,Cavese,1,1,X,Yes,No,1:1,1:1
2025-01-04,Gubbio,Lucchese,3,1,1,Yes,Yes,2:1,3:1
2025-01-04,Pineto,Sestri Levante,1,0,1,No,No,1:0,1:0
2025-01-04,Bologna U20,Atalanta U20,1,2,2,Yes,Yes,1:1,1:2
2025-01-04,Genoa U20,Monza U20,1,4,2,Yes,Yes,0:4,1:4
2025-01-04,Southall,Guernsey,1,1,X,Yes,No,None:None,1:1
2025-01-04,Nico United,Matebele,2,1,1,Yes,Yes,None:None,2:1
2025-01-04,Sua Flamingoes,Chadibe,1,1,X,Yes,No,None:None,1:1
2025-01-04,Morupule Wanderers,Gaborone United,4,2,1,Yes,Yes,None:None,4:2
2025-01-04,TAFIC,UF Santos,6,0,1,No,Yes,None:None,6:0
2025-01-04,Centre Chiefs,Township Rollers,0,0,X,No,No,None:None,0:0
2025-01-04,Extension Gunners,Galaxy,0,1,2,No,No,None:None,0:1
2025-01-04,Jamshedpur,Bengaluru,2,1,1,Yes,Yes,0:1,2:1
2025-01-04,ISOHSA,Feutcheu,1,0,1,No,No,0:0,1:0
2025-01-04,ICS Tlemcen,USM Sétif,1,3,2,Yes,Yes,1:1,1:3
2025-01-04,Béchar Djedid,MC Oran,2,3,2,Yes,Yes,0:0,2:3
2025-01-04,Stade Marocain,Wydad Fès,1,2,2,Yes,Yes,0:1,1:2
2025-01-04,Chabab Atl. Khenifra,Yacoub El Mansour,0,0,X,No,No,0:0,0:0
2025-01-04,Olympique Dcheïra,Racing de Casablanca,2,0,1,No,No,1:0,2:0
2025-01-04,USM Oujda,El Massira,0,0,X,No,No,0:0,0:0
2025-01-04,Haverfordwest County AFC,Briton Ferry,5,1,1,Yes,Yes,1:1,5:1
2025-01-04,The New Saints,Newtown AFC,2,1,1,Yes,Yes,0:1,2:1
2025-01-04,Penybont,GAP Connah S Quay FC,1,0,1,No,No,0:0,1:0
2025-01-04,Tonnerre,FAP,1,0,1,No,No,0:0,1:0
2025-01-04,Huesca,Real Betis,0,1,2,No,No,0:1,0:1
2025-01-04,Bouenguidi,Vautour Club,0,0,X,No,No,0:0,0:0
2025-01-04,Pélican,Stade Mandji,1,0,1,No,No,1:0,1:0
2025-01-04,Dikaki,Bitam,1,0,1,No,No,0:0,1:0
2025-01-04,Mounana,Mangasport,0,1,2,No,No,0:0,0:1
2025-01-04,Lozo,US Oyem,1,0,1,No,No,1:0,1:0
2025-01-04,CS Bendje,Cercle Mbéri,0,2,2,No,No,0:1,0:2
2025-01-04,Bournemouth,Everton,1,0,1,No,No,0:0,1:0
2025-01-04,Aston Villa,Leicester,2,1,1,Yes,Yes,0:0,2:1
2025-01-04,Crystal Palace,Chelsea,1,1,X,Yes,No,0:1,1:1
2025-01-04,Manchester City,West Ham,4,1,1,Yes,Yes,2:0,4:1
2025-01-04,Southampton,Brentford,0,5,2,No,Yes,0:1,0:5
2025-01-04,Bristol City,Derby,1,0,1,No,No,1:0,1:0
2025-01-04,Hull City,Leeds,3,3,X,Yes,Yes,1:0,3:3
2025-01-04,Middlesbrough,Cardiff,1,1,X,Yes,No,1:1,1:1
2025-01-04,Norwich,Coventry,2,1,1,Yes,Yes,0:1,2:1
2025-01-04,Preston,Oxford United,1,1,X,Yes,No,0:1,1:1
2025-01-04,Sheffield Wednesday,Millwall,2,2,X,Yes,Yes,1:0,2:2
2025-01-04,Watford,Sheffield Utd,1,2,2,Yes,Yes,1:1,1:2
2025-01-04,Barnsley,Crawley Town,3,0,1,No,Yes,1:0,3:0
2025-01-04,Charlton,Reading,0,0,X,No,No,0:0,0:0
2025-01-04,Exeter City,Bolton,1,2,2,Yes,Yes,0:0,1:2
2025-01-04,Huddersfield,Rotherham,0,0,X,No,No,0:0,0:0
2025-01-04,Leyton Orient,Shrewsbury,1,0,1,No,No,0:0,1:0
2025-01-04,Lincoln,Stevenage,0,0,X,No,No,0:0,0:0
2025-01-04,Stockport County,Mansfield Town,1,2,2,Yes,Yes,1:2,1:2
2025-01-04,Wigan,Birmingham,0,3,2,No,Yes,0:2,0:3
2025-01-04,Wrexham,Peterborough,1,0,1,No,No,0:0,1:0
2025-01-04,Wycombe,Blackpool,1,1,X,Yes,No,1:0,1:1
2025-01-04,Barrow,Harrogate Town,0,2,2,No,No,0:0,0:2
2025-01-04,Colchester,Accrington ST,0,2,2,No,No,0:1,0:2
2025-01-04,Doncaster,Port Vale,1,2,2,Yes,Yes,0:1,1:2
2025-01-04,Milton Keynes Dons,Salford City,0,1,2,No,No,0:1,0:1
2025-01-04,Tranmere,Carlisle,1,0,1,No,No,1:0,1:0
2025-01-04,Arbroath,Alloa Athletic,1,3,2,Yes,Yes,1:2,1:3
2025-01-04,Inverness CT,Dumbarton,2,0,1,No,No,1:0,2:0
2025-01-04,Montrose,Kelty Hearts,0,0,X,No,No,0:0,0:0
2025-01-04,Queen of the South,Cove Rangers,1,0,1,No,No,1:0,1:0
2025-01-04,Stenhousemuir,Annan Athletic,1,1,X,Yes,No,0:0,1:1
2025-01-04,Ayr Utd,Raith Rovers,3,0,1,No,Yes,3:0,3:0
2025-01-04,Partick,Dunfermline,1,4,2,Yes,Yes,1:3,1:4
2025-01-04,Queen's Park,Livingston,2,0,1,No,No,1:0,2:0
2025-01-04,Clyde,Stirling Albion,2,0,1,No,No,1:0,2:0
2025-01-04,East Fife,Forfar Athletic,1,0,1,No,No,0:0,1:0
2025-01-04,Edinburgh City,Bonnyrigg Rose Athletic,2,0,1,No,No,1:0,2:0
2025-01-04,BSC Glasgow,Gretna 2008,0,1,2,No,No,0:1,0:1
2025-01-04,Caledonian Braves,Cumbernauld Colts,3,2,1,Yes,Yes,1:0,3:2
2025-01-04,East Stirlingshire,Cowdenbeath,3,1,1,Yes,Yes,0:1,3:1
2025-01-04,Gala Fairydean Rovers,Berwick Rangers,1,2,2,Yes,Yes,1:2,1:2
2025-01-04,Dorking Wanderers,Bath City,1,0,1,No,No,1:0,1:0
2025-01-04,Eastbourne Borough,St Albans City,1,0,1,No,No,1:0,1:0
2025-01-04,Enfield Town,Chelmsford City,2,1,1,Yes,Yes,0:0,2:1
2025-01-04,Tonbridge Angels,Weston-super-Mare,2,0,1,No,No,1:0,2:0
2025-01-04,Truro City,AFC Hornchurch,2,1,1,Yes,Yes,0:0,2:1
2025-01-04,Farsley Celtic FC,Rushall Olympic,1,3,2,Yes,Yes,1:1,1:3
2025-01-04,Warrington Town,King's Lynn Town,1,2,2,Yes,Yes,0:1,1:2
2025-01-04,Lusitânia Lourosa,Amarante,1,0,1,No,No,0:0,1:0
2025-01-04,Anadia,Sanjoanense,2,1,1,Yes,Yes,1:1,2:1
2025-01-04,Famalicão W,Racing Seixal,1,4,2,Yes,Yes,1:3,1:4
2025-01-04,Kallithea,Lamia,2,1,1,Yes,Yes,1:0,2:1
2025-01-04,AFC Sudbury,Banbury United,1,2,2,Yes,Yes,0:2,1:2
2025-01-04,Barwell,Royston Town,0,3,2,No,Yes,0:1,0:3
2025-01-04,Bedford Town,Spalding United,1,5,2,Yes,Yes,0:2,1:5
2025-01-04,Bromsgrove Sporting,Hitchin Town,1,1,X,Yes,No,1:1,1:1
2025-01-04,Leiston,Stratford Town,1,0,1,No,No,1:0,1:0
2025-01-04,Redditch United,Lowestoft Town,3,4,2,Yes,Yes,2:2,3:4
2025-01-04,St Ives Town,Stourbridge,3,1,1,Yes,Yes,1:0,3:1
2025-01-04,Stamford,Harborough Town,1,2,2,Yes,Yes,1:0,1:2
2025-01-04,Biesheim,Beauvais,2,0,1,No,No,0:0,2:0
2025-01-04,Bradford (Park Avenue),Belper Town,2,3,2,Yes,Yes,0:1,2:3
2025-01-04,AFC Emley,Newton Aycliffe,3,0,1,No,Yes,None:None,3:0
2025-01-04,Sherwood Colliery,North Ferriby,1,0,1,No,No,0:0,1:0
2025-01-04,Concord Rangers,Waltham Abbey,2,3,2,Yes,Yes,0:1,2:3
2025-01-04,Heybridge Swifts,Haringey Borough,2,2,X,Yes,Yes,1:0,2:2
2025-01-04,Redbridge,Bury Town,1,2,2,Yes,Yes,1:1,1:2
2025-01-04,Billericay Town,Potters Bar Town,1,0,1,No,No,1:0,1:0
2025-01-04,Bowers & Pitsea,Folkestone Invicta,2,2,X,Yes,Yes,1:0,2:2
2025-01-04,Chichester City,Chatham Town,2,0,1,No,No,1:0,2:0
2025-01-04,Cray Valley PM,Hashtag United,1,5,2,Yes,Yes,0:1,1:5
2025-01-04,Dartford,Whitehawk,4,1,1,Yes,Yes,1:0,4:1
2025-01-04,Dulwich Hamlet,Bognor Regis Town,3,4,2,Yes,Yes,3:1,3:4
2025-01-04,Hendon,Dover,0,3,2,No,Yes,0:2,0:3
2025-01-04,Horsham,Carshalton Athletic,3,0,1,No,Yes,1:0,3:0
2025-01-04,Lewes,Cheshunt,2,2,X,Yes,Yes,0:1,2:2
2025-01-04,Bamber Bridge,Whitby Town,0,2,2,No,No,0:2,0:2
2025-01-04,United of Manchester,Morpeth Town,4,1,1,Yes,Yes,1:0,4:1
2025-01-04,Macclesfield,Worksop Town,3,1,1,Yes,Yes,0:1,3:1
2025-01-04,Rylands,Hebburn Town,2,2,X,Yes,Yes,2:2,2:2
2025-01-04,Workington,Guiseley AFC,0,2,2,No,No,0:1,0:2
2025-01-04,Ilkeston Town,Leek Town,0,2,2,No,No,0:2,0:2
2025-01-04,Basingstoke Town,Plymouth Parkway,0,1,2,No,No,0:0,0:1
2025-01-04,Gloucester City,Taunton Town,2,2,X,Yes,Yes,1:2,2:2
2025-01-04,Havant & Wville,Dorchester Town,1,1,X,Yes,No,1:1,1:1
2025-01-04,Poole Town,Bracknell Town,0,0,X,No,No,0:0,0:0
2025-01-04,Sholing,Swindon Supermarine,3,5,2,Yes,Yes,1:3,3:5
2025-01-04,Tiverton Town,Merthyr Town,1,1,X,Yes,No,0:0,1:1
2025-01-04,Walton & Hersham,AFC Totton,3,2,1,Yes,Yes,0:0,3:2
2025-01-04,Winchester City,Marlow,3,1,1,Yes,Yes,2:0,3:1
2025-01-04,Exmouth,Melksham Town,2,2,X,Yes,Yes,1:1,2:2
2025-01-04,Bideford,Bristol Manor Farm,0,0,X,No,No,0:0,0:0
2025-01-04,Evesham United,Shaftesbury Town,5,0,1,No,Yes,None:None,5:0
2025-01-04,Falmouth Town,Didcot Town,4,1,1,Yes,Yes,None:None,4:1
2025-01-04,Larkhall Athletic,Tavistock,2,2,X,Yes,Yes,None:None,2:2
2025-01-04,Malvern Town,Mousehole,2,3,2,Yes,Yes,1:2,2:3
2025-01-04,Yate Town,Bashley,3,1,1,Yes,Yes,2:1,3:1
2025-01-04,Moneyfields,Ashford Town (Middlesex),5,1,1,Yes,Yes,None:None,5:1
2025-01-04,South Park,Rayners Lane,3,3,X,Yes,Yes,None:None,3:3
2025-01-04,Deal Town,Burgess Hill Town,3,5,2,Yes,Yes,0:2,3:5
2025-01-04,Eastbourne Town,Lancing,2,1,1,Yes,Yes,0:0,2:1
2025-01-04,Margate,Merstham,1,1,X,Yes,No,0:0,1:1
2025-01-04,Sevenoaks Town,Phoenix Sports,2,0,1,No,No,0:0,2:0
2025-01-04,Steyning Town,Ashford United,3,2,1,Yes,Yes,2:0,3:2
2025-01-04,Three Bridges,Ramsgate,0,5,2,No,Yes,0:3,0:5
2025-01-04,Avro,Wythenshawe Town,0,1,2,No,No,None:None,0:1
2025-01-04,Bootle,Trafford,2,2,X,Yes,Yes,0:1,2:2
2025-01-04,Clitheroe,Mossley,0,1,2,No,No,0:1,0:1
2025-01-04,Congleton Town,Chasetown,1,0,1,No,No,0:0,1:0
2025-01-04,Hanley Town,City of Liverpool,1,4,2,Yes,Yes,0:3,1:4
2025-01-04,Hednesford Town,Nantwich Town,2,0,1,No,No,2:0,2:0
2025-01-04,Newcastle Town,Stafford Rangers,2,1,1,Yes,Yes,2:0,2:1
2025-01-04,Stalybridge Celtic,Atherton Collieries,1,3,2,Yes,Yes,0:1,1:3
2025-01-04,Widnes,Runcorn Linnets,1,1,X,Yes,No,1:1,1:1
2025-01-04,Witton Albion,Kidsgrove Athletic,2,1,1,Yes,Yes,1:0,2:1
2025-01-04,Wythenshawe Amateurs,Vauxhall Motors,0,2,2,No,No,0:0,0:2
2025-01-04,Coleshill Town,Racing Club Warwick,0,2,2,No,No,0:1,0:2
2025-01-04,Grantham Town,Loughborough University,1,2,2,Yes,Yes,None:None,1:2
2025-01-04,Quorn,Long Eaton United,2,3,2,Yes,Yes,1:1,2:3
2025-01-04,Rugby Town,Corby Town,1,2,2,Yes,Yes,1:0,1:2
2025-01-04,Sporting Khalsa,Lye Town,5,1,1,Yes,Yes,3:0,5:1
2025-01-04,Wellingborough Town,Anstey Nomads,2,1,1,Yes,Yes,0:1,2:1
2025-01-04,Barton Rovers,Ware,2,0,1,No,No,None:None,2:0
2025-01-04,Beaconsfield Town,Leverstock Green,2,2,X,Yes,Yes,None:None,2:2
2025-01-04,Fuentes,CDJ Tamarite,1,3,2,Yes,Yes,0:1,1:3
2025-01-04,La Almunia,Zuera,0,3,2,No,Yes,0:2,0:3
2025-01-04,Bibiani Gold Stars,Berekum Chelsea,2,0,1,No,No,0:0,2:0
2025-01-04,Pevidem,Rebordosa,1,1,X,Yes,No,0:0,1:1
2025-01-04,Kedus Giorgis,Mebrat Hayl,2,1,1,Yes,Yes,2:0,2:1
2025-01-04,Burgos Promesas,Atlético Mansillés,2,1,1,Yes,Yes,1:1,2:1
2025-01-04,Mojados,Ciudad Rodrigo,1,0,1,No,No,0:0,1:0
2025-01-04,Villaralbo,Atlético Tordesillas,1,0,1,No,No,0:0,1:0
2025-01-04,Becerril Campos,Arandina,1,0,1,No,No,1:0,1:0
2025-01-04,AS Cotonou,Etoile Filante,0,0,X,No,No,0:0,0:0
2025-01-04,Avrankou Omnisport,Requins,0,1,2,No,No,None:None,0:1
2025-01-04,Ayema,Dragons,0,2,2,No,No,None:None,0:2
2025-01-04,Sitatunga,Coton Sport Ouidah,1,1,X,Yes,No,None:None,1:1
2025-01-04,Buffles,Loto Popo,0,0,X,No,No,0:0,0:0
2025-01-04,Cavaliers,Abeilles,1,0,1,No,No,None:None,1:0
2025-01-04,Dynamique Djougou,Bani Gansè,0,0,X,No,No,0:0,0:0
2025-01-04,Tonnerre,Dynamo Abomey,1,2,2,Yes,Yes,None:None,1:2
2025-01-04,Annagh United,Portadown,3,2,1,Yes,Yes,2:1,3:2
2025-01-04,Bangor,Newington Youth,2,1,1,Yes,Yes,1:1,2:1
2025-01-04,Carrick Rangers,Newry City AFC,4,3,1,Yes,Yes,3:3,4:3
2025-01-04,Linfield,Wellington Rec,4,0,1,No,Yes,2:0,4:0
2025-01-04,Coleraine FC,Armagh City,5,0,1,No,Yes,2:0,5:0
2025-01-04,Limavady United,Larne,1,0,1,No,No,0:0,1:0
2025-01-04,Dungannon Swifts,Rathfriland,5,0,1,No,Yes,2:0,5:0
2025-01-04,Ballymena United,Ards,1,2,2,Yes,Yes,0:2,1:2
2025-01-04,Cliftonville FC,Banbridge Rangers,4,0,1,No,Yes,1:0,4:0
2025-01-04,Ballymacash Rangers,Ballinamallard United,1,2,2,Yes,Yes,0:2,1:2
2025-01-04,Kidderminster Harriers,Slough Town,4,0,1,No,Yes,3:0,4:0
2025-01-04,Altrincham,Barnet,3,1,1,Yes,Yes,0:1,3:1
2025-01-04,Forest Green,Chorley,2,0,1,No,No,0:0,2:0
2025-01-04,Gainsborough Trinity,York,1,0,1,No,No,0:0,1:0
2025-01-04,Hampton & Richmond,Spennymoor Town,0,2,2,No,No,0:1,0:2
2025-01-04,Aldershot Town,Chertsey Town,8,0,1,No,Yes,3:0,8:0
2025-01-04,Worthing,Torquay,5,1,1,Yes,Yes,4:0,5:1
2025-01-04,Sittingbourne,Salisbury,2,1,1,Yes,Yes,0:0,2:1
2025-01-04,Basford United,Eastleigh,1,4,2,Yes,Yes,0:1,1:4
2025-01-04,Weymouth,Boreham Wood,1,2,2,Yes,Yes,0:0,1:2
2025-01-04,Southend,Southport,1,0,1,No,No,0:0,1:0
2025-01-04,Gateshead,Boston United,1,3,2,Yes,Yes,0:1,1:3
2025-01-04,Hassania Agadir,Riadi Salmi,3,1,1,Yes,Yes,3:0,3:1
2025-01-04,Melita,Hibernians,2,3,2,Yes,Yes,0:1,2:3
2025-01-04,Maccabi Tel Aviv,Ashdod,5,1,1,Yes,Yes,0:1,5:1
2025-01-04,Feirense,Leixoes,1,0,1,No,No,0:0,1:0
2025-01-04,Moreirense,AVS,1,1,X,Yes,No,1:1,1:1
2025-01-04,Jeddah Club,Al-Ain,1,1,X,Yes,No,1:0,1:1
2025-01-04,UD Caravaca,Balsicas Atlético,1,1,X,Yes,No,1:1,1:1
2025-01-04,Laguna de Duero,Cristo Atlético,0,1,2,No,No,0:0,0:1
2025-01-04,Santa Lucía,Zurrieq,2,0,1,No,No,0:0,2:0
2025-01-04,Valletta FC,Gudja United,3,1,1,Yes,Yes,1:0,3:1
2025-01-04,Fjolnir,Leiknir R.,2,2,X,Yes,Yes,1:2,2:2
2025-01-04,Tenerife,Osasuna,1,2,2,Yes,Yes,1:2,1:2
2025-01-04,Binah,Haknour,1,0,1,No,No,0:0,1:0
2025-01-04,Entente II,Espoir,1,0,1,No,No,0:0,1:0
2025-01-04,Young Buffaloes,Mbabane Swallows,1,0,1,No,No,None:None,1:0
2025-01-04,Smouha SC,Suez,1,0,1,No,No,1:0,1:0
2025-01-04,Ceramica Cleopatra,La Viena FC,3,0,1,No,Yes,1:0,3:0
2025-01-04,Flamengo SP U20,Barra SC U20,1,0,1,No,No,1:0,1:0
2025-01-04,Nacional SP U20,Canaã U20,1,1,X,Yes,No,1:1,1:1
2025-01-04,Saint Etienne,Reims,3,1,1,Yes,Yes,0:1,3:1
2025-01-04,Bnei Sakhnin,Ironi Tiberias,0,0,X,No,No,0:0,0:0
2025-01-04,Apoel Nicosia,Karmiotissa,3,0,1,No,Yes,0:0,3:0
2025-01-04,Galatasaray,Goztepe,2,1,1,Yes,Yes,1:1,2:1
2025-01-04,Fatih Karagümrük,Pendikspor,0,2,2,No,No,0:2,0:2
2025-01-04,Utrillas,Épila,3,2,1,Yes,Yes,2:1,3:2
2025-01-04,Rayon Sports,Police,2,0,1,No,No,1:0,2:0
2025-01-04,NEC,Mbarara City,1,0,1,No,No,0:0,1:0
2025-01-04,Orlando Pirates,Stade d'Abidjan,3,0,1,No,Yes,1:0,3:0
2025-01-04,Invincible Eleven,Heaven Eleven,1,2,2,Yes,Yes,0:2,1:2
2025-01-04,Warriors,TMT,0,0,X,No,No,0:0,0:0
2025-01-04,Hart Acedemy,Dutch Lions,5,0,1,No,Yes,3:0,5:0
2025-01-04,Brikama United,BST Galaxy,0,0,X,No,No,0:0,0:0
2025-01-04,Cuiabá U20,Ponte Preta U20,0,1,2,No,No,0:0,0:1
2025-01-04,Votoraty U20,Gênus U20,2,0,1,No,No,2:0,2:0
2025-01-04,Taubaté U20,Marcilio Dias U20,2,3,2,Yes,Yes,1:1,2:3
2025-01-04,União Suzano U20,RB Bragantino U20,0,2,2,No,No,0:0,0:2
2025-01-04,Sfera U20,Estrela De Marco U20,2,1,1,Yes,Yes,1:1,2:1
2025-01-04,Aster Brasil SP U20,Dourados U20,4,1,1,Yes,Yes,1:0,4:1
2025-01-04,Ibrachina U20,Monte Roraima U20,3,1,1,Yes,Yes,3:0,3:1
2025-01-04,Binga,ASKO,2,1,1,Yes,Yes,2:0,2:1
2025-01-04,Sámano,Laredo,2,0,1,No,No,1:0,2:0
2025-01-04,Ammanford AFC,Afan Lido,5,1,1,Yes,Yes,0:1,5:1
2025-01-04,Albinoleffe,Arzignano Valchiampo,1,1,X,Yes,No,0:1,1:1
2025-01-04,Atalanta II,Novara,0,0,X,No,No,0:0,0:0
2025-01-04,Feralpisalo,Renate,3,1,1,Yes,Yes,2:0,3:1
2025-01-04,Almeria,Sevilla,4,1,1,Yes,Yes,0:1,4:1
2025-01-04,Oman,Bahrain,1,2,2,Yes,Yes,1:0,1:2
2025-01-04,DSC,Gorée,0,1,2,No,No,0:0,0:1
2025-01-04,Guédiawaye,Jamono Fatick,2,0,1,No,No,1:0,2:0
2025-01-04,Oslo,Sonacos,3,2,1,Yes,Yes,2:2,3:2
2025-01-04,Fiorentina,Napoli,0,3,2,No,Yes,0:1,0:3
2025-01-04,Nea Salamis,Ethnikos Achna,0,3,2,No,Yes,0:1,0:3
2025-01-04,Samsunspor,Trabzonspor,2,1,1,Yes,Yes,1:0,2:1
2025-01-04,Angoulême,Cannes,0,4,2,No,Yes,0:2,0:4
2025-01-04,Bordeaux,Saint-Colomban Locminé,1,2,2,Yes,Yes,0:1,1:2
2025-01-04,Furiani-Agliani,Haguenau,1,1,X,Yes,No,0:1,1:1
2025-01-04,Creteil,Bobigny,1,3,2,Yes,Yes,1:2,1:3
2025-01-04,Arosa,Boiro,1,1,X,Yes,No,0:1,1:1
2025-01-04,Motril,Atlético Porcuna,1,4,2,Yes,Yes,0:2,1:4
2025-01-04,Moghreb Tetouan,Wydad AC,1,2,2,Yes,Yes,0:2,1:2
2025-01-04,Burkina Faso,Kenya,1,1,X,Yes,No,0:1,1:1
2025-01-04,Brighton,Arsenal,1,1,X,Yes,No,0:1,1:1
2025-01-04,Hapoel Hadera,Hapoel Beer Sheva,1,2,2,Yes,Yes,0:1,1:2
2025-01-04,Varzim,Vilaverdense,3,2,1,Yes,Yes,0:1,3:2
2025-01-04,Stade Briochin,Bourges Foot 18,2,1,1,Yes,Yes,1:0,2:1
2025-01-04,Capivariano U20,Madureira U20,1,0,1,No,No,0:0,1:0
2025-01-04,Lille,Nantes,1,1,X,Yes,No,1:0,1:1
2025-01-04,Tondela,União de Leiria,1,4,2,Yes,Yes,0:2,1:4
2025-01-04,Benfica,SC Braga,1,2,2,Yes,Yes,0:2,1:2
2025-01-04,Bayonne,Bassin d'Arcachon Sud,3,1,1,Yes,Yes,2:0,3:1
2025-01-04,Marumo Gallants,Richards Bay,0,0,X,No,No,0:0,0:0
2025-01-04,Internacional U20,América SE U20,0,1,2,No,No,0:0,0:1
2025-01-04,Vasco da Gama U20,XV de Piracicaba U20,1,1,X,Yes,No,1:1,1:1
2025-01-04,Barbastro,Barcelona,0,4,2,No,Yes,0:2,0:4
2025-01-04,Pumas UNAM W,Atlético San Luis W,2,0,1,No,No,1:0,2:0
2025-01-04,Mosta,Gzira United,1,0,1,No,No,0:0,1:0
2025-01-04,Wally Daan,Ouakam,0,0,X,No,No,0:0,0:0
2025-01-04,Santa Fé SP U20,IAPE U20,0,2,2,No,No,0:1,0:2
2025-01-04,ABC U20,Novorizontino U20,0,5,2,No,Yes,0:1,0:5
2025-01-04,Goiás U20,Inter de Minas U20,1,0,1,No,No,1:0,1:0
2025-01-04,Avaí U20,União TO U20,1,0,1,No,No,0:0,1:0
2025-01-04,América Mineiro U20,Piauí U20,2,0,1,No,No,1:0,2:0
2025-01-04,Vila Nova U20,Falcon U20,1,1,X,Yes,No,1:0,1:1
2025-01-04,Nautico U20,Araguacema U20,3,1,1,Yes,Yes,2:0,3:1
2025-01-04,Huy,Jette,2,1,1,Yes,Yes,0:1,2:1
2025-01-04,Loenhout,Punt-Larum,0,5,2,No,Yes,None:None,0:5
2025-01-04,LPRC Oilers,Freeport,1,1,X,Yes,No,0:1,1:1
2025-01-04,IR Reykjavik,Vikingur Reykjavik,6,1,1,Yes,Yes,2:1,6:1
2025-01-04,Laval,Lorient,2,0,1,No,No,0:0,2:0
2025-01-04,Verlaine,Seraing II,1,2,2,Yes,Yes,None:None,1:2
2025-01-04,Meux,Habay-la-Neuve,2,1,1,Yes,Yes,None:None,2:1
2025-01-04,Saintoise,NSeth Berchem,9,0,1,No,Yes,None:None,9:0
2025-01-04,Auderghem,Ixelles,1,1,X,Yes,No,None:None,1:1
2025-01-04,St. George's Colts,Devonshire Cougars,2,2,X,Yes,Yes,None:None,2:2
2025-01-04,FAR Rabat,Maniema Union,2,0,1,No,No,2:0,2:0
2025-01-04,Raja Casablanca,Mamelodi Sundowns,1,0,1,No,No,1:0,1:0
2025-01-04,CSA,Barcelona BA,1,0,1,No,No,1:0,1:0
2025-01-04,Santa Cruz,Treze,1,2,2,Yes,Yes,0:1,1:2
2025-01-04,Juazeirense,Fluminense PI,3,3,X,Yes,Yes,2:2,3:3
2025-01-04,Sergipe,ASA,0,2,2,No,No,0:2,0:2
2025-01-04,America-RN,Decisão,0,0,X,No,No,0:0,0:0
2025-01-04,Verona,Udinese,0,0,X,No,No,0:0,0:0
2025-01-04,XV de Jaú U20,Picos PI U20,3,0,1,No,Yes,1:0,3:0
2025-01-04,Lyon,Montpellier,1,0,1,No,No,0:0,1:0
2025-01-04,Itapirense U20,América RJ U20,1,2,2,Yes,Yes,0:2,1:2
2025-01-04,Bahia U20,Sergipe U20,2,0,1,No,No,0:0,2:0
2025-01-04,Nacional de Patos,Iguatu,1,1,X,Yes,No,1:0,1:1
2025-01-04,Potters Tigers,John Hughes,1,3,2,Yes,Yes,None:None,1:3
2025-01-04,Boavista,Arouca,1,3,2,Yes,Yes,0:1,1:3
2025-01-04,UD Logroñés,Athletic Club,0,0,X,No,No,0:0,0:0
2025-01-04,Marbella,Atletico Madrid,0,1,2,No,No,0:1,0:1
2025-01-04,São Paulo U20,Serra Branca U20,2,0,1,No,No,1:0,2:0
2025-01-04,Five Islands,Garden Stars,2,4,2,Yes,Yes,None:None,2:4
2025-01-04,Atlético GO U20,Portuguesa U20,0,0,X,No,No,0:0,0:0
2025-01-04,Santo André U20,Rio Branco AC U20,2,1,1,Yes,Yes,2:0,2:1
2025-01-04,ABC,Maracanã,0,0,X,No,No,0:0,0:0
2025-01-04,Botafogo PB,Maranhão,1,0,1,No,No,0:0,1:0
2025-01-04,Retrô,Moto Club,1,1,X,Yes,No,1:0,1:1
2025-01-04,Ferroviario,Santa Cruz RN,0,0,X,No,No,0:0,0:0
2025-01-04,Santos Laguna,Mineros de Zacatecas,2,2,X,Yes,Yes,0:2,2:2
2025-02-11,Al Hilal Omdurman,Kaédi,1,1,X,Yes,No,None:None,1:1
2025-02-11,Panama U17,Grenada U17,8,0,1,No,Yes,5:0,8:0
2025-02-11,Sao Paulo,Inter De Limeira,0,0,X,No,No,0:0,0:0
2025-02-11,Agropecuario,Chacarita Juniors,0,1,2,No,No,0:1,0:1
2025-02-11,Macara,Tecnico Universitario,0,0,X,No,No,0:0,0:0
2025-02-11,AD Carmelita,Inter San Carlos,1,1,X,Yes,No,1:0,1:1
2025-02-11,Turrialba Fc,Cariari Pococi,1,2,2,Yes,Yes,1:1,1:2
2025-02-11,Querétaro W,Puebla W,0,0,X,No,No,0:0,0:0
2025-02-11,Honduras U17,Saint Martin U17,3,1,1,Yes,Yes,2:0,3:1
2025-02-11,United States U17,US Virgin Islands U17,22,0,1,No,Yes,14:0,22:0
2025-02-11,El Salvador U17,Cayman Islands U17,8,0,1,No,Yes,6:0,8:0
2025-02-11,Chile U20,Uruguay U20,1,1,X,Yes,No,0:1,1:1
2025-02-11,Pachuca W,Juárez W,6,1,1,Yes,Yes,4:0,6:1
2025-02-11,Huila,Jaguares,2,0,1,No,No,0:0,2:0
2025-02-11,Veraguas,Independiente de La Chorrera,0,1,2,No,No,0:0,0:1
2025-02-11,Municipal Grecia,ADR Jicaral,1,1,X,Yes,No,0:1,1:1
2025-02-11,América W,Monterrey W,3,2,1,Yes,Yes,1:1,3:2
2025-02-11,Faraones Texcoco,Montañeses,2,0,1,No,No,0:0,2:0
2025-02-11,Tijuana W,Guadalajara W,1,1,X,Yes,No,0:0,1:1
2025-02-11,Pyunik Yerevan,Zenit,0,2,2,No,No,None:None,0:2
2025-02-11,Chanmari,TRAU,7,1,1,Yes,Yes,None:None,7:1
2025-02-11,Central Coast Mariners,Johor Darul Takzim FC,1,2,2,Yes,Yes,0:0,1:2
2025-02-11,Baltika,Rodina Moskva II,2,2,X,Yes,Yes,None:None,2:2
2025-02-11,El Bayadh U21,ES Sétif U21,1,1,X,Yes,No,None:None,1:1
2025-02-11,Kelantan Darul Naim U23,Kuching City U23,2,0,1,No,No,None:None,2:0
2025-02-11,Dinamo Brest,Molodechno-DYuSSh 4,5,1,1,Yes,Yes,0:1,5:1
2025-02-11,Ethnikos Achna,Ararat-Armenia,0,0,X,No,No,None:None,0:0
2025-02-11,I.S.P.E,Shan United,0,5,2,No,Yes,0:4,0:5
2025-02-11,Alashkert,Ararat,0,0,X,No,No,None:None,0:0
2025-02-11,Vissel Kobe,SHANGHAI SIPG,4,0,1,No,Yes,1:0,4:0
2025-02-11,Pohang Steelers,Kawasaki Frontale,0,4,2,No,Yes,0:1,0:4
2025-02-11,Churchill Brothers,Delhi FC,2,2,X,Yes,Yes,2:1,2:2
2025-02-11,Dynamo Kyiv U19,Atalanta U19,3,3,X,Yes,Yes,3:1,3:3
2025-02-11,Zlaté Moravce,Vlašim,1,1,X,Yes,No,1:0,1:1
2025-02-11,Vyškov,Brinje-Grosuplje,0,0,X,No,No,0:0,0:0
2025-02-11,Sporting Goa,KLASA,1,0,1,No,No,None:None,1:0
2025-02-11,Famalicão U23,Estoril U23,1,1,X,Yes,No,0:1,1:1
2025-02-11,Villarreal II,FC Levadia Tallinn,2,0,1,No,No,1:0,2:0
2025-02-11,Ugyen Academy,Daga United,10,3,1,Yes,Yes,None:None,10:3
2025-02-11,Trepça Mitrovicë,Drenica Skënderaj,0,0,X,No,No,0:0,0:0
2025-02-11,FC Slutsk,Niva,2,0,1,No,No,1:0,2:0
2025-02-11,Shandong Luneng,Gwangju FC,3,1,1,Yes,Yes,3:1,3:1
2025-02-11,Santa Clara U23,Sporting Braga U23,3,2,1,Yes,Yes,2:1,3:2
2025-02-11,PSPS,Persiraja Banda Aceh,1,0,1,No,No,0:0,1:0
2025-02-11,Obolon'-Brovar,Milsami Orhei,2,1,1,Yes,Yes,2:0,2:1
2025-02-11,Nasaf,Enisey,2,0,1,No,No,None:None,2:0
2025-02-11,Macva,Studentski Grad,2,1,1,Yes,Yes,1:0,2:1
2025-02-11,Gasco,Madbacadda,5,2,1,Yes,Yes,None:None,5:2
2025-02-11,Veres Rivne,Csikszereda,2,2,X,Yes,Yes,None:None,2:2
2025-02-11,US Chaouia,Oued Magrane,2,0,1,No,No,1:0,2:0
2025-02-11,US Souf,MO Constantine,1,2,2,Yes,Yes,1:1,1:2
2025-02-11,Usm El Harrach,USM Annaba,0,0,X,No,No,0:0,0:0
2025-02-11,HB Chelghoum Laïd,JS Bordj Ménaïel,1,0,1,No,No,1:0,1:0
2025-02-11,RB Ouargla,MB Rouisset,1,2,2,Yes,Yes,0:1,1:2
2025-02-11,MSP Batna,CA Batna,0,0,X,No,No,0:0,0:0
2025-02-11,IB Khémis El Khechna,Teleghma,3,1,1,Yes,Yes,2:1,3:1
2025-02-11,Khroub,JS Jijel,1,0,1,No,No,0:0,1:0
2025-02-11,SKAF Khémis Mélina,RC Arba,0,0,X,No,No,0:0,0:0
2025-02-11,WA Mostaganem,Oued Sly,0,1,2,No,No,0:1,0:1
2025-02-11,CR Méchria,Tiaret,2,0,1,No,No,0:0,2:0
2025-02-11,Témouchent,RC Kouba,0,0,X,No,No,0:0,0:0
2025-02-11,Hussein Dey,Ben Aknoun,2,2,X,Yes,Yes,1:1,2:2
2025-02-11,GC Mascara,MC Saida,1,1,X,Yes,No,0:0,1:1
2025-02-11,JS El Biar,ASM Oran,2,1,1,Yes,Yes,2:0,2:1
2025-02-11,Koléa,Béchar Djedid,1,0,1,No,No,0:0,1:0
2025-02-11,Coventry City U21,Burnley U21,2,6,2,Yes,Yes,0:4,2:6
2025-02-11,Wigan Athletic U21,Peterborough United U21,2,2,X,Yes,Yes,2:1,2:2
2025-02-11,Ipswich Town U21,Bristol City U21,3,4,2,Yes,Yes,1:1,3:4
2025-02-11,Mashujaa,Coastal Union,0,0,X,No,No,0:0,0:0
2025-02-11,Simba,Tanzania Prisons,3,0,1,No,Yes,3:0,3:0
2025-02-11,CA Bizertin,Stade Tunisien,1,1,X,Yes,No,1:0,1:1
2025-02-11,Wakiso Giants,SC Villa,1,1,X,Yes,No,0:1,1:1
2025-02-11,Birmingham City U21,Stockport County U21,1,4,2,Yes,Yes,0:2,1:4
2025-02-11,Stuttgart U19,Liverpool U19,2,2,X,Yes,Yes,2:2,2:2
2025-02-11,AZ U19,Benfica U19,2,2,X,Yes,Yes,0:1,2:2
2025-02-11,Abha,Al Bukayriyah,1,3,2,Yes,Yes,0:2,1:3
2025-02-11,Al Jabalain,Al Arabi SC,3,3,X,Yes,Yes,0:0,3:3
2025-02-11,Al Jandal,Ohod,3,1,1,Yes,Yes,2:0,3:1
2025-02-11,Al Morooj,Al Ahli Benghazi,1,4,2,Yes,Yes,0:2,1:4
2025-02-11,Makhachkala,Kairat Almaty,1,0,1,No,No,0:0,1:0
2025-02-11,Shinnik Yaroslavl,Ulytau,1,1,X,Yes,No,1:0,1:1
2025-02-11,Hilal El-Fasher,Al Rabta Kosti,0,1,2,No,No,None:None,0:1
2025-02-11,FC Urartu,Hangzhou Greentown,4,0,1,No,Yes,2:0,4:0
2025-02-11,Lokomotiv,Kolkheti Poti,0,1,2,No,No,None:None,0:1
2025-02-11,Al Ahli Khartoum,Al Fallah,3,2,1,Yes,Yes,None:None,3:2
2025-02-11,Hay Al Arab,Al Shorta,2,1,1,Yes,Yes,None:None,2:1
2025-02-11,Ibri,Sohar,1,0,1,No,No,0:0,1:0
2025-02-11,Bjelovar,Dinamo Zagreb,2,3,2,Yes,Yes,1:1,2:3
2025-02-11,Aizawl,Inter Kashi,0,3,2,No,Yes,0:2,0:3
2025-02-11,Alittihad Misurata,Al-Madina,1,3,2,Yes,Yes,0:1,1:3
2025-02-11,ASO Chlef,Paradou AC,2,0,1,No,No,2:0,2:0
2025-02-11,El Bayadh,ES Setif,1,0,1,No,No,0:0,1:0
2025-02-11,Yeni Çorumspor,Yeni Malatyaspor,2,0,1,No,No,1:0,2:0
2025-02-11,Sheffield Wednesday U21,Hull City U21,3,4,2,Yes,Yes,2:1,3:4
2025-02-11,Cardiff City U21,Swansea City U21,2,1,1,Yes,Yes,1:1,2:1
2025-02-11,Pharco,Zamalek SC,0,1,2,No,No,0:1,0:1
2025-02-11,Petrojet,Smouha SC,0,1,2,No,No,0:1,0:1
2025-02-11,Khalidiya,Tractor Sazi,1,2,2,Yes,Yes,0:0,1:2
2025-02-11,Baltika,Yelimay Semey,1,0,1,No,No,0:0,1:0
2025-02-11,FC Orenburg,Veles,0,0,X,No,No,None:None,0:0
2025-02-11,SG Sonnenhof Grossaspach,FC 08 Homburg,0,3,2,No,Yes,0:3,0:3
2025-02-11,Bahla,Al-Khabourah,0,1,2,No,No,0:0,0:1
2025-02-11,Qarabag,Səbail,5,0,1,No,Yes,0:0,5:0
2025-02-11,Internazionale U19,Lille U19,3,1,1,Yes,Yes,2:0,3:1
2025-02-11,Real Betis U19,Bayern München U19,0,1,2,No,No,0:0,0:1
2025-02-11,Gil Vicente U23,Estrela U23,0,1,2,No,No,0:0,0:1
2025-02-11,Rio Ave U23,Leixões U23,1,1,X,Yes,No,1:1,1:1
2025-02-11,Burgan,Al Sulaibikhat,1,0,1,No,No,None:None,1:0
2025-02-11,Al-Adalah,Al Zulfi,1,1,X,Yes,No,1:0,1:1
2025-02-11,Portimonense U23,Mafra U23,1,1,X,Yes,No,0:0,1:1
2025-02-11,Al Hilal,Al Ta'awon,1,0,1,No,No,1:0,1:0
2025-02-11,Kagera Sugar,Kitayosce,1,2,2,Yes,Yes,0:0,1:2
2025-02-11,Vipers,URA,2,0,1,No,No,0:0,2:0
2025-02-11,Al Hussein,Sharjah FC,0,1,2,No,No,0:1,0:1
2025-02-11,Al Malaab El Libby,Al Dahra,1,1,X,Yes,No,0:0,1:1
2025-02-11,Colorado Rapids,Toronto FC,1,0,1,No,No,None:None,1:0
2025-02-11,Spartak Moscow,Zenit,0,3,2,No,Yes,None:None,0:3
2025-02-11,Manisa BBSK,Kocaelispor,0,2,2,No,No,0:0,0:2
2025-02-11,Al Ahly,Ghazl El Mehalla,1,0,1,No,No,0:0,1:0
2025-02-11,Hoffenheim U19,Shakhtar Donetsk U19,5,1,1,Yes,Yes,2:0,5:1
2025-02-11,Tampa Bay Rowdies,New England Revolution,0,1,2,No,No,0:1,0:1
2025-02-11,Wiener SC,Scheiblingkirchen,4,1,1,Yes,Yes,1:1,4:1
2025-02-11,Tillmitsch,Klampfer Gabersdorf,2,0,1,No,No,2:0,2:0
2025-02-11,Al Sahel,Al Shabab,1,2,2,Yes,Yes,0:1,1:2
2025-02-11,Gnas,UFC Fehring,4,0,1,No,Yes,2:0,4:0
2025-02-11,SGS Essen W,FC Koln W,0,0,X,No,No,0:0,0:0
2025-02-11,TS Galaxy,Mamelodi Sundowns,1,0,1,No,No,1:0,1:0
2025-02-11,SKRA Częstochowa,Radomsko,2,0,1,No,No,0:0,2:0
2025-02-11,Stade Brestois 29,Paris Saint Germain,0,3,2,No,Yes,0:2,0:3
2025-02-11,Barbados U17,Dominica U17,1,0,1,No,No,0:0,1:0
2025-02-11,Ansbach,Großschwarzenlohe,5,1,1,Yes,Yes,None:None,5:1
2025-02-11,Kickers Offenbach,VfR Mannheim,1,1,X,Yes,No,0:1,1:1
2025-02-11,Liezen,Grün Weiß Micheldorf,3,3,X,Yes,Yes,1:2,3:3
2025-02-11,RKAV Volendam,Quick Boys,0,3,2,No,Yes,0:1,0:3
2025-02-11,Eintracht Karlsfeld,Bayern München II,0,4,2,No,Yes,None:None,0:4
2025-02-11,Hamburger SV II,Eimsbütteler TV,1,0,1,No,No,1:0,1:0
2025-02-11,TWL Elektra,Retz,4,3,1,Yes,Yes,3:1,4:3
2025-02-11,Rot-Weiß Walldorf,Pirmasens,4,0,1,No,Yes,1:0,4:0
2025-02-11,Sunderland U21,Huddersfield Town U21,7,0,1,No,Yes,3:0,7:0
2025-02-11,Petro de Luanda,Sagrada Esperança,2,0,1,No,No,0:0,2:0
2025-02-11,Rochdale,Wolves U21,2,2,X,Yes,Yes,1:1,2:2
2025-02-11,Selfoss,Stjarnan,0,6,2,No,Yes,0:4,0:6
2025-02-11,Curaçao U17,Turks and Caicos U17,2,0,1,No,No,1:0,2:0
2025-02-11,Breitenrain,Grenchen,5,2,1,Yes,Yes,None:None,5:2
2025-02-11,Prestatyn Town,Ruthin Town,1,0,1,No,No,0:0,1:0
2025-02-11,Penrhiwceiber Rangers,Trefelin,1,3,2,Yes,Yes,1:1,1:3
2025-02-11,Hartley Wintney,Horndean,2,1,1,Yes,Yes,0:1,2:1
2025-02-11,Burgess Hill Town,Eastbourne Town,1,1,X,Yes,No,0:1,1:1
2025-02-11,Rimini,Trapani 1905,3,0,1,No,Yes,0:0,3:0
2025-02-11,Wrexham,Bolton,1,0,1,No,No,0:0,1:0
2025-02-11,Coventry,QPR,1,0,1,No,No,0:0,1:0
2025-02-11,Derby,Oxford United,0,0,X,No,No,0:0,0:0
2025-02-11,Portsmouth,Cardiff,2,1,1,Yes,Yes,2:1,2:1
2025-02-11,Watford,Leeds,0,4,2,No,Yes,0:3,0:4
2025-02-11,Birmingham,Cambridge United,4,0,1,No,Yes,3:0,4:0
2025-02-11,Charlton,Peterborough,2,1,1,Yes,Yes,0:0,2:1
2025-02-11,Leyton Orient,Mansfield Town,3,0,1,No,Yes,3:0,3:0
2025-02-11,Blackpool,Rotherham,0,0,X,No,No,0:0,0:0
2025-02-11,Crawley Town,Stevenage,3,1,1,Yes,Yes,0:0,3:1
2025-02-11,Bristol Rovers,Stockport County,1,1,X,Yes,No,0:0,1:1
2025-02-11,AFC Wimbledon,Crewe,3,0,1,No,Yes,2:0,3:0
2025-02-11,Tranmere,Fleetwood Town,0,0,X,No,No,0:0,0:0
2025-02-11,Walsall,Gillingham,1,1,X,Yes,No,0:0,1:1
2025-02-11,Bradford,Accrington ST,1,0,1,No,No,1:0,1:0
2025-02-11,Barrow,Milton Keynes Dons,2,1,1,Yes,Yes,1:1,2:1
2025-02-11,Newport County,Carlisle,1,0,1,No,No,0:0,1:0
2025-02-11,Dergview,Banbridge Town,1,0,1,No,No,None:None,1:0
2025-02-11,Cove Rangers,Montrose,1,1,X,Yes,No,0:0,1:1
2025-02-11,Armagh City,Limavady United,1,1,X,Yes,No,0:1,1:1
2025-02-11,Institute,H&W Welders,1,1,X,Yes,No,0:0,1:1
2025-02-11,Linfield,Larne,1,0,1,No,No,0:0,1:0
2025-02-11,Southend,FC Halifax Town,3,1,1,Yes,Yes,0:0,3:1
2025-02-11,Dagenham & Redbridge,Woking,1,2,2,Yes,Yes,0:1,1:2
2025-02-11,Hartlepool,Tamworth,2,2,X,Yes,Yes,1:2,2:2
2025-02-11,Oldham,Altrincham,2,2,X,Yes,Yes,0:1,2:2
2025-02-11,Chippenham Town,Chesham United,2,0,1,No,No,1:0,2:0
2025-02-11,Dorking Wanderers,Tonbridge Angels,1,0,1,No,No,0:0,1:0
2025-02-11,Eastbourne Borough,Hampton & Richmond,3,1,1,Yes,Yes,1:1,3:1
2025-02-11,Enfield Town,Welling United,2,0,1,No,No,1:0,2:0
2025-02-11,AFC Hornchurch,Boreham Wood,2,1,1,Yes,Yes,2:0,2:1
2025-02-11,Maidstone Utd,Aveley,0,2,2,No,No,0:2,0:2
2025-02-11,St Albans City,Slough Town,1,0,1,No,No,0:0,1:0
2025-02-11,Truro City,Farnborough,1,1,X,Yes,No,1:0,1:1
2025-02-11,Weston-super-Mare,Salisbury,1,2,2,Yes,Yes,0:1,1:2
2025-02-11,Weymouth,Bath City,0,3,2,No,Yes,0:2,0:3
2025-02-11,Worthing,Torquay,2,2,X,Yes,Yes,2:1,2:2
2025-02-11,Buxton,South Shields,1,0,1,No,No,0:0,1:0
2025-02-11,Chester,Kidderminster Harriers,1,1,X,Yes,No,1:1,1:1
2025-02-11,Chorley,Brackley Town,4,1,1,Yes,Yes,2:0,4:1
2025-02-11,Leamington,Warrington Town,2,0,1,No,No,1:0,2:0
2025-02-11,Marine,Rushall Olympic,3,1,1,Yes,Yes,0:0,3:1
2025-02-11,Needham Market,Hereford,0,2,2,No,No,0:0,0:2
2025-02-11,Peterborough Sports,Oxford City,2,1,1,Yes,Yes,0:1,2:1
2025-02-11,Scunthorpe,Curzon Ashton,1,1,X,Yes,No,0:1,1:1
2025-02-11,Leiston,St Ives Town,2,2,X,Yes,Yes,0:1,2:2
2025-02-11,North Ferriby,Bridlington Town,1,0,1,No,No,None:None,1:0
2025-02-11,Bishop Auckland,Ashington AFC,1,2,2,Yes,Yes,None:None,1:2
2025-02-11,Dunston UTS,Liversedge,2,2,X,Yes,Yes,None:None,2:2
2025-02-11,Ossett United,Grimsby Borough,3,0,1,No,Yes,None:None,3:0
2025-02-11,Mildenhall Town,Newmarket Town,0,1,2,No,No,None:None,0:1
2025-02-11,Potters Bar Town,Wingate & Finchley,0,0,X,No,No,0:0,0:0
2025-02-11,Dartford,Chichester City,0,0,X,No,No,0:0,0:0
2025-02-11,Dulwich Hamlet,Folkestone Invicta,2,1,1,Yes,Yes,1:0,2:1
2025-02-11,Whitehawk,Hendon,2,2,X,Yes,Yes,2:1,2:2
2025-02-11,Gainsborough Trinity,Rylands,3,1,1,Yes,Yes,1:1,3:1
2025-02-11,Bamber Bridge,Workington,1,2,2,Yes,Yes,0:0,1:2
2025-02-11,Hyde United,Ilkeston Town,3,1,1,Yes,Yes,0:1,3:1
2025-02-11,Lancaster City,Prescot Cables,1,0,1,No,No,0:0,1:0
2025-02-11,Wimborne Town,Havant & Wville,1,2,2,Yes,Yes,0:0,1:2
2025-02-11,Chertsey Town,Walton & Hersham,1,2,2,Yes,Yes,1:1,1:2
2025-02-11,Taunton Town,Frome Town,0,0,X,No,No,0:0,0:0
2025-02-11,Bristol Manor Farm,Bemerton Heath Harleq.,1,1,X,Yes,No,None:None,1:1
2025-02-11,Bashley,Thatcham Town,1,1,X,Yes,No,None:None,1:1
2025-02-11,Mousehole,Helston Athletic,4,0,1,No,Yes,None:None,4:0
2025-02-11,Cribbs,Willand Rovers,3,3,X,Yes,Yes,None:None,3:3
2025-02-11,Metropolitan Police,Westfield (Surrey),2,2,X,Yes,Yes,None:None,2:2
2025-02-11,Hythe Town,Broadbridge Heath,1,2,2,Yes,Yes,None:None,1:2
2025-02-11,Newcastle Town,Avro,1,0,1,No,No,None:None,1:0
2025-02-11,Vauxhall Motors,Clitheroe,3,3,X,Yes,Yes,None:None,3:3
2025-02-11,Maidenhead,Southampton U21,0,6,2,No,Yes,0:3,0:6
2025-02-11,Caernarfon Town,The New Saints,0,1,2,No,No,0:1,0:1
2025-02-11,Norwich,Preston,0,1,2,No,No,0:1,0:1
2025-02-11,Reading,Shrewsbury,1,1,X,Yes,No,1:0,1:1
2025-02-11,Exeter City,Nottingham Forest,2,2,X,Yes,Yes,1:2,2:2
2025-02-11,Sporting CP,Borussia Dortmund,0,3,2,No,Yes,0:0,0:3
2025-02-11,Juventus,PSV Eindhoven,2,1,1,Yes,Yes,1:0,2:1
2025-02-11,Manchester City,Real Madrid,2,3,2,Yes,Yes,1:0,2:3
2025-02-11,Barracas Central,Central Cordoba de Santiago,3,3,X,Yes,Yes,0:0,3:3
2025-02-11,Mexico U17,Belize U17,3,0,1,No,Yes,1:0,3:0
2025-02-11,Real Noroeste,Jaguaré,1,1,X,Yes,No,1:0,1:1
2025-02-11,CRB,Moto Club,2,2,X,Yes,Yes,1:1,2:2
2025-02-11,Vitoria,Ferroviario,2,1,1,Yes,Yes,1:0,2:1
2025-02-11,Monte Roraima,Rio Negro RR,1,0,1,No,No,None:None,1:0
2025-02-11,Guyana U17,Sint Maarten U17,3,0,1,No,Yes,1:0,3:0
2025-02-11,Haiti U17,St. Vincent / Gren. U17,5,0,1,No,Yes,3:0,5:0
2025-02-11,Vila Nova,Goiatuba EC,0,0,X,No,No,0:0,0:0
2025-02-11,Coritiba,Operario-PR,1,1,X,Yes,No,1:0,1:1
2025-02-11,Botafogo SP,RB Bragantino,1,0,1,No,No,1:0,1:0
2025-02-11,Boca Juniors,Independ. Rivadavia,2,0,1,No,No,0:0,2:0
2025-02-11,Estudiantes L.P.,Banfield,1,0,1,No,No,0:0,1:0
2025-02-11,Silver Sands,UWI Blackbirds,0,5,2,No,Yes,0:2,0:5
2025-02-11,Deportes Copiapo,Antofagasta,4,0,1,No,Yes,2:0,4:0
2025-04-16,Aucas,Universidad Catolica,2,1,1,Yes,Yes,0:0,2:1
2025-04-16,Union Omaha,San Antonio,1,0,1,No,No,1:0,1:0
2025-04-16,Ceara,Vasco DA Gama,2,1,1,Yes,Yes,1:0,2:1
2025-04-16,Pachuca,Tigres UANL,0,0,X,No,No,0:0,0:0
2025-04-16,Guadalajara Chivas,Puebla,1,0,1,No,No,1:0,1:0
2025-04-16,Deportes Tolima,Junior,0,0,X,No,No,0:0,0:0
2025-04-16,CS Herediano,Santos DE Guapiles,2,1,1,Yes,Yes,2:1,2:1
2025-04-16,Puntarenas FC,Deportivo Saprissa,1,2,2,Yes,Yes,0:1,1:2
2025-04-16,Alta,Orange County SC,2,2,X,Yes,Yes,0:1,2:2
2025-04-16,Tacoma Defiance,Oakland Roots,2,1,1,Yes,Yes,1:0,2:1
2025-04-16,FC Juarez,Necaxa,2,2,X,Yes,Yes,1:0,2:2
2025-04-16,Cruz Azul,Leon,2,1,1,Yes,Yes,0:0,2:1
2025-04-16,Urawa Reds W,Tokyo Verdy Beleza W,1,1,X,Yes,No,0:0,1:1
2025-04-16,Sementchi Kuvasoy,Xorazm Academy,2,2,X,Yes,Yes,0:1,2:2
2025-04-16,Tuv Azarganuud,Falcons,0,7,2,No,Yes,0:1,0:7
2025-04-16,Faroe Islands U17,Malta U17,2,1,1,Yes,Yes,1:0,2:1
2025-04-16,Alcobendas Sport,Collado Villalba,1,1,X,Yes,No,0:0,1:1
2025-04-16,Liverpool U18,Manchester City U18,0,5,2,No,Yes,0:1,0:5
2025-04-16,Lechia Gdańsk U19,Warta Poznań U19,3,1,1,Yes,Yes,3:1,3:1
2025-04-16,Yokohama F. Marinos,Shimizu S-pulse,2,3,2,Yes,Yes,1:0,2:3
2025-04-16,Vissel Kobe,Kawasaki Frontale,2,1,1,Yes,Yes,2:1,2:1
2025-04-16,Tianjin Teda,SHANGHAI SIPG,1,4,2,Yes,Yes,0:3,1:4
2025-04-16,Meshakhte,Merani Martvili,1,2,2,Yes,Yes,0:0,1:2
2025-04-16,Sydney,Home United,1,0,1,No,No,0:0,1:0
2025-04-16,Lamphun Warrior,Port FC,2,0,1,No,No,1:0,2:0
2025-04-16,Kitakyushu,Yokohama FC,1,2,2,Yes,Yes,0:1,1:2
2025-04-16,Sejong SA,FC Anyang,0,1,2,No,No,0:1,0:1
2025-04-16,Hwaseong,Siheung Citizen,0,1,2,No,No,None:None,0:1
2025-04-16,Gangneung City,Daejeon Citizen,1,2,2,Yes,Yes,1:1,1:2
2025-04-16,Jeonbuk Motors,Ansan Greeners,3,0,1,No,Yes,0:0,3:0
2025-04-16,Daegu FC,Gimhae City,2,0,1,No,No,1:0,2:0
2025-04-16,Busan Transportation,Suwon City FC,1,2,2,Yes,Yes,0:1,1:2
2025-04-16,Gwangju FC,Gyeongju HNP,2,0,1,No,No,1:0,2:0
2025-04-16,Gimpo Citizen,Cheonan City,2,1,1,Yes,Yes,0:0,2:1
2025-04-16,Daejeon Korail,Namyangju,3,0,1,No,Yes,0:0,3:0
2025-04-16,Incheon United,Pyeongchang United,2,1,1,Yes,Yes,0:0,2:1
2025-04-16,Fukushima United,Kashiwa Reysol,2,3,2,Yes,Yes,2:2,2:3
2025-04-16,Mito Hollyhock,Gamba Osaka,0,1,2,No,No,0:0,0:1
2025-04-16,Blaublitz Akita,Tokyo Verdy,1,2,2,Yes,Yes,1:0,1:2
2025-04-16,Omiya Ardija,FC Tokyo,1,3,2,Yes,Yes,0:0,1:3
2025-04-16,Kataller Toyama,Nagoya Grampus,1,1,X,Yes,No,0:0,1:1
2025-04-16,Tochigi SC,Avispa Fukuoka,1,2,2,Yes,Yes,0:1,1:2
2025-04-16,Imabari,Cerezo Osaka,3,4,2,Yes,Yes,2:2,3:4
2025-04-16,Urawa,Kyoto Sanga,2,1,1,Yes,Yes,1:0,2:1
2025-04-16,Arkadag,Al Arabi,3,0,1,No,Yes,1:0,3:0
2025-04-16,Gimcheon Sangmu FC,Suwon Bluewings,2,0,1,No,No,0:0,2:0
2025-04-16,Bucheon FC 1995,Jeju United FC,1,0,1,No,No,0:0,1:0
2025-04-16,Ellas Syros,Pannafpliakos,3,1,1,Yes,Yes,None:None,3:1
2025-04-16,Babelsberg U19,Magdeburg U19,2,2,X,Yes,Yes,1:1,2:2
2025-04-16,Santa Clara U23,Portimonense U23,0,0,X,No,No,0:0,0:0
2025-04-16,UKS Łódź,Czarni Sosnowiec W,0,1,2,No,No,0:0,0:1
2025-04-16,Dalian Zhixing,Henan Jianye,1,0,1,No,No,0:0,1:0
2025-04-16,Hangzhou Greentown,Meizhou Kejia,2,2,X,Yes,Yes,2:0,2:2
2025-04-16,Nong Bua Pitchaya,Uthai Thani,1,0,1,No,No,0:0,1:0
2025-04-16,Erchim,Hunters,0,1,2,No,No,0:0,0:1
2025-04-16,Aral,Sogdiana,0,3,2,No,Yes,0:1,0:3
2025-04-16,Rangers FC,Illovo,2,3,2,Yes,Yes,None:None,2:3
2025-04-16,Chengdu Better City,Yunnan Yukun,1,1,X,Yes,No,1:0,1:1
2025-04-16,Kryvbas KR,Shakhtar Donetsk,1,2,2,Yes,Yes,0:1,1:2
2025-04-16,Bangkok Glass,Tampines Rovers,1,1,X,Yes,No,1:1,1:1
2025-04-16,Altay,Erzin Spor,1,0,1,No,No,0:0,1:0
2025-04-16,Fana,Lyn II,6,1,1,Yes,Yes,4:0,6:1
2025-04-16,Shanghai Shenhua,Qingdao Jonoon,3,2,1,Yes,Yes,2:2,3:2
2025-04-16,Gonio,Samtredia,2,2,X,Yes,Yes,2:2,2:2
2025-04-16,Spaeri,Sioni,3,0,1,No,Yes,1:0,3:0
2025-04-16,Aragvi Dusheti,Kolkheti Khobi,7,1,1,Yes,Yes,3:0,7:1
2025-04-16,Ethiopian Medhin,Adama Kenema,3,1,1,Yes,Yes,2:1,3:1
2025-04-16,Milsami Orhei,Petrocub,1,0,1,No,No,0:0,1:0
2025-04-16,Petržalka W,Žilina W,1,1,X,Yes,No,0:0,1:1
2025-04-16,Bangkok United,Buriram United,1,2,2,Yes,Yes,0:0,1:2
2025-04-16,Wofoo Tai Po,Warriors,1,1,X,Yes,No,0:0,1:1
2025-04-16,Kuching FA,Johor Darul Takzim FC,0,2,2,No,No,0:2,0:2
2025-04-16,Peterborough United U21,Coventry City U21,3,2,1,Yes,Yes,1:1,3:2
2025-04-16,Bulgaria U17,Luxembourg U17,2,0,1,No,No,0:0,2:0
2025-04-16,Sandefjord II,Gneist,3,3,X,Yes,Yes,2:2,3:3
2025-04-16,Mes Soongoun,Naft Masjed Soleyman,2,2,X,Yes,Yes,1:0,2:2
2025-04-16,Shahrdari Astara,Be'sat Kermanshah,0,2,2,No,No,0:0,0:2
2025-04-16,Gaadiidka,Mogadishu City,1,1,X,Yes,No,0:0,1:1
2025-04-16,BUL,Police,0,0,X,No,No,0:0,0:0
2025-04-16,Mbarara City,SC Villa,0,2,2,No,No,0:0,0:2
2025-04-16,Mbale Heroes,Express,0,1,2,No,No,0:1,0:1
2025-04-16,UPDF,Maroons,2,1,1,Yes,Yes,0:1,2:1
2025-04-16,Giouchtas,Tympaki,1,3,2,Yes,Yes,1:1,1:3
2025-04-16,Rethymniakos,Karavas,1,3,2,Yes,Yes,1:3,1:3
2025-04-16,Marko,Ilisiakos,2,1,1,Yes,Yes,1:1,2:1
2025-04-16,Atsalenios,Mandraikos,2,1,1,Yes,Yes,2:0,2:1
2025-04-16,Nea Ionia,Thiva,6,0,1,No,Yes,3:0,6:0
2025-04-16,Asteras Kaisariani,Thyella Diastavroseos,0,0,X,No,No,0:0,0:0
2025-04-16,Agios Nikolaos,Chaidari,1,0,1,No,No,1:0,1:0
2025-04-16,Asteras Varis,Aris Petroupolis,2,2,X,Yes,Yes,1:2,2:2
2025-04-16,Panthrakikos,Nestos Chrisoupolis,1,0,1,No,No,1:0,1:0
2025-04-16,Apollon Krya Vrysi,Apollon Paralimniou,1,1,X,Yes,No,0:1,1:1
2025-04-16,Antheias-Aristinou,Evosmou,2,4,2,Yes,Yes,None:None,2:4
2025-04-16,Iraklis Ammoudia,Kilkisiakos,2,0,1,No,No,0:0,2:0
2025-04-16,Aris Avato,Orestis Orestiadas,4,0,1,No,Yes,2:0,4:0
2025-04-16,Aris Piges,Pontion Nea Amisos,3,1,1,Yes,Yes,2:1,3:1
2025-04-16,PAO Kristoni,Thermaikos Thermis,1,2,2,Yes,Yes,1:1,1:2
2025-04-16,Rodos,Afantou,1,1,X,Yes,No,1:1,1:1
2025-04-16,Malesina,Amarynthiakos,3,1,1,Yes,Yes,1:0,3:1
2025-04-16,Aigeas Plomariou,Apollo Efpaliou,2,1,1,Yes,Yes,1:0,2:1
2025-04-16,AE Mykonos,Loutraki,0,3,2,No,Yes,0:0,0:3
2025-04-16,Korinthos,Astir Lianokladi,6,2,1,Yes,Yes,3:2,6:2
2025-04-16,Pangytheatikos,Panegialios,2,1,1,Yes,Yes,0:0,2:1
2025-04-16,Nea Artaki,Miltiadis Pyrgos,2,0,1,No,No,1:0,2:0
2025-04-16,Mladost DG,Mladost Lješkopolje,2,0,1,No,No,1:0,2:0
2025-04-16,Dinamo Moskva II,Murom,2,0,1,No,No,0:0,2:0
2025-04-16,Irtysh Omsk,Dinamo Kirov,4,0,1,No,Yes,3:0,4:0
2025-04-16,Forte Taganrog,Novosibirsk,0,2,2,No,No,0:1,0:2
2025-04-16,Ludogorets III,Spartak Varna II,3,1,1,Yes,Yes,None:None,3:1
2025-04-16,Fajr Sepasi,Niroye Zamini,0,0,X,No,No,0:0,0:0
2025-04-16,Ario Eslamshahr,Naft Gachsaran,1,1,X,Yes,No,1:0,1:1
2025-04-16,Paykan,Damash Gilanian,3,0,1,No,Yes,0:0,3:0
2025-04-16,Saipa,Shahre Raz,1,0,1,No,No,0:0,1:0
2025-04-16,ES Tunis,AS Kasserine,6,0,1,No,Yes,3:0,6:0
2025-04-16,Dinamo Samarqand,Lochin,3,1,1,Yes,Yes,2:0,3:1
2025-04-16,Green Mamba,Nsingizini Hotspurs,0,1,2,No,No,None:None,0:1
2025-04-16,Llapi,Feronikeli,1,0,1,No,No,1:0,1:0
2025-04-16,Ferizaj,Malisheva,1,0,1,No,No,1:0,1:0
2025-04-16,Havadar,Mes Rafsanjan,0,4,2,No,Yes,0:2,0:4
2025-04-16,Iskra,Mornar,0,3,2,No,Yes,0:1,0:3
2025-04-16,Petrovac,Dečić,0,1,2,No,No,0:0,0:1
2025-04-16,Highlanders,Madlenya,3,2,1,Yes,Yes,2:0,3:2
2025-04-16,Al-Shabab,Al Nasr,3,1,1,Yes,Yes,1:0,3:1
2025-04-16,Snina,Lokomotíva Košice,1,0,1,No,No,1:0,1:0
2025-04-16,Sua Flamingoes,UF Santos,3,0,1,No,Yes,None:None,3:0
2025-04-16,Nico United,Galaxy,0,1,2,No,No,None:None,0:1
2025-04-16,Morupule Wanderers,VTM,2,1,1,Yes,Yes,None:None,2:1
2025-04-16,TAFIC,Security Systems,3,1,1,Yes,Yes,None:None,3:1
2025-04-16,Unia Turza Śląska,Ślęza Wrocław,3,7,2,Yes,Yes,1:3,3:7
2025-04-16,El Gouna FC,Future FC,0,0,X,No,No,0:0,0:0
2025-04-16,Smouha SC,Zamalek SC,0,1,2,No,No,0:1,0:1
2025-04-16,Bansko,CSKA 1948 Sofia III,3,3,X,Yes,Yes,None:None,3:3
2025-04-16,Dinamo Tbilisi II,Rustavi,1,1,X,Yes,No,0:1,1:1
2025-04-16,Kairat Almaty,Atyrau,4,0,1,No,Yes,2:0,4:0
2025-04-16,Tekstilshchik,Avangard Kursk,3,0,1,No,Yes,1:0,3:0
2025-04-16,Kaluga,Dinamo Vladivostok,2,2,X,Yes,Yes,1:0,2:2
2025-04-16,Mes Kerman,Pars Jonoubi JAM,0,1,2,No,No,0:1,0:1
2025-04-16,ToU,Haka,0,8,2,No,Yes,0:2,0:8
2025-04-16,Diyala,Al Quwa Al Jawiya,2,1,1,Yes,Yes,1:0,2:1
2025-04-16,Zakho,Naft Maysan,0,1,2,No,No,0:1,0:1
2025-04-16,Sparta Praha II,Líšeň,0,0,X,No,No,0:0,0:0
2025-04-16,Kozlovice,HFK Olomouc,4,2,1,Yes,Yes,1:2,4:2
2025-04-16,BSK Banja Luka,Rudar Prijedor,3,0,1,No,Yes,1:0,3:0
2025-04-16,OFK Vrbas,Borac Šajkaš,0,1,2,No,No,0:0,0:1
2025-04-16,Naftagas,Kikinda,1,1,X,Yes,No,0:1,1:1
2025-04-16,Zeleznicar Inđija,RFK Novi Sad,3,1,1,Yes,Yes,2:1,3:1
2025-04-16,Omladinac NB,Hajduk Divoš,0,1,2,No,No,0:0,0:1
2025-04-16,Kabel Novi Sad,Sloboda DT,2,0,1,No,No,0:0,2:0
2025-04-16,Sloga Čonoplja,Podunavac,0,2,2,No,No,0:1,0:2
2025-04-16,Radnički Zrenjanin,FK Becej,6,0,1,No,Yes,4:0,6:0
2025-04-16,Vojvodina 1928,Dinamo Pančevo,0,1,2,No,No,0:1,0:1
2025-04-16,Torpedo Zhodino,MKK-Dnepr,0,0,X,No,No,0:0,0:0
2025-04-16,Gol Gohar,Esteghlal FC,1,1,X,Yes,No,1:0,1:1
2025-04-16,FC Noah,Van,2,0,1,No,No,1:0,2:0
2025-04-16,Opava,Sigma Olomouc II,2,1,1,Yes,Yes,0:0,2:1
2025-04-16,Vysočina Jihlava,Zlin,1,1,X,Yes,No,0:1,1:1
2025-04-16,Baník Ostrava II,Viktoria Žižkov,3,4,2,Yes,Yes,1:3,3:4
2025-04-16,Slavia Praha II,Vlašim,1,1,X,Yes,No,0:0,1:1
2025-04-16,Chrudim,Vyškov,3,0,1,No,Yes,1:0,3:0
2025-04-16,Varnsdorf,Táborsko,1,2,2,Yes,Yes,0:1,1:2
2025-04-16,Young Apostles,Berekum Chelsea,2,1,1,Yes,Yes,0:1,2:1
2025-04-16,Bechem United,Bibiani Gold Stars,0,2,2,No,No,0:1,0:2
2025-04-16,Nations,Dreams,1,0,1,No,No,0:0,1:0
2025-04-16,Heart of Lions,Medeama,1,0,1,No,No,0:0,1:0
2025-04-16,Aduana Stars,Hearts of Oak,2,0,1,No,No,1:0,2:0
2025-04-16,Accra Lions,Asante Kotoko,3,0,1,No,Yes,2:0,3:0
2025-04-16,Samartex,Karela,2,0,1,No,No,0:0,2:0
2025-04-16,Basake Holy Stars,Vision,1,0,1,No,No,1:0,1:0
2025-04-16,BDF XI,Orapa United,1,1,X,Yes,No,None:None,1:1
2025-04-16,Centre Chiefs,Chadibe,2,2,X,Yes,Yes,2:1,2:2
2025-04-16,Matebele,Township Rollers,2,2,X,Yes,Yes,None:None,2:2
2025-04-16,Pustá Polom,Jiskra Rýmařov,1,3,2,Yes,Yes,0:0,1:3
2025-04-16,Milin,Hořovicko,0,1,2,No,No,0:0,0:1
2025-04-16,Přepeře,Trutnov,0,1,2,No,No,0:0,0:1
2025-04-16,Zagorec,Maksimir Zagreb,2,4,2,Yes,Yes,0:1,2:4
2025-04-16,Zenit,FC Rostov,2,0,1,No,No,0:0,2:0
2025-04-16,Meppen U19,BAK 07 U19,2,0,1,No,No,1:0,2:0
2025-04-16,Atlético San Luis U23,Toluca U23,0,2,2,No,No,0:1,0:2
2025-04-16,Queretaro U23,Atlas U23,1,3,2,Yes,Yes,0:1,1:3
2025-04-16,U.N.A.M.- Pumas U23,Santos Laguna U23,2,0,1,No,No,1:0,2:0
2025-04-16,Bahla,Oman Club,0,1,2,No,No,0:0,0:1
2025-04-16,Lokomotivi Tbilisi,Saburtalo II,4,2,1,Yes,Yes,2:1,4:2
2025-04-16,CSF Bălți,Sheriff Tiraspol,0,1,2,No,No,0:0,0:1
2025-04-16,Naft Bandar Abbas,Shahrdari Noshahr,0,1,2,No,No,0:1,0:1
2025-04-16,JyTy Turku,SalPa,1,2,2,Yes,Yes,0:1,1:2
2025-04-16,SJK-j,SJK Akatemia,0,3,2,No,Yes,0:1,0:3
2025-04-16,PonPa,AC Oulu,1,3,2,Yes,Yes,1:1,1:3
2025-04-16,VPV,KPV-j,0,10,2,No,Yes,0:4,0:10
2025-04-16,Royal Leopards,Mbabane Swallows,0,0,X,No,No,0:0,0:0
2025-04-16,Ferlach,Bleiburg,3,0,1,No,Yes,2:0,3:0
2025-04-16,Nafta,Maribor,1,1,X,Yes,No,0:1,1:1
2025-04-16,Thalgau,Siezenheim,4,5,2,Yes,Yes,2:2,4:5
2025-04-16,Al-Sailiya,Al Waab,1,0,1,No,No,1:0,1:0
2025-04-16,Al Mesaimeer,Al Kharaitiyat,4,0,1,No,Yes,2:0,4:0
2025-04-16,Al-Markhiya,Muaither SC,2,0,1,No,No,1:0,2:0
2025-04-16,Al Bidda SC,Lusail City,3,2,1,Yes,Yes,3:0,3:2
2025-04-16,Banga,Džiugas Telšiai,0,1,2,No,No,0:0,0:1
2025-04-16,Sanat Naft,Mes Shahr-e Babak,2,0,1,No,No,0:0,2:0
2025-04-16,Zeljeznicar Sarajevo,Siroki Brijeg,1,0,1,No,No,1:0,1:0
2025-04-16,JäPS / Akatemia,Kiffen,0,5,2,No,Yes,0:2,0:5
2025-04-16,KuPS Akatemia,JJK,3,3,X,Yes,Yes,3:1,3:3
2025-04-16,Kypärämäki Rangers,HaPK Edustus,0,2,2,No,No,0:1,0:2
2025-04-16,Al Safa,Abha,2,2,X,Yes,Yes,2:0,2:2
2025-04-16,Zbrojovka Brno,Prostějov,1,1,X,Yes,No,1:0,1:1
2025-04-16,URA,KCCA,1,0,1,No,No,0:0,1:0
2025-04-16,Paynesville,BEA Mountain,1,1,X,Yes,No,1:0,1:1
2025-04-16,Heaven Eleven,Global Pharma,0,1,2,No,No,2:1,0:1
2025-04-16,Bodø / Glimt,Lillestrøm,0,4,2,No,Yes,0:2,0:4
2025-04-16,Kolbotn W,Hønefoss W,3,1,1,Yes,Yes,2:0,3:1
2025-04-16,Lyn W,Stabæk W,6,0,1,No,Yes,4:0,6:0
2025-04-16,Rosenborg W,Vålerenga W,2,0,1,No,No,1:0,2:0
2025-04-16,Røa,Brann W,2,5,2,Yes,Yes,1:3,2:5
2025-04-16,Sola,Staal Jørpeland,3,8,2,Yes,Yes,2:3,3:8
2025-04-16,Mazatlan FC U23,Club Tijuana U23,1,3,2,Yes,Yes,1:3,1:3
2025-04-16,Kauno Žalgiris,Hegelmann Litauen,3,1,1,Yes,Yes,1:0,3:1
2025-04-16,Šiauliai,FK Trakai,2,2,X,Yes,Yes,1:0,2:2
2025-04-16,Al Najma,East Riffa,1,1,X,Yes,No,0:0,1:1
2025-04-16,Dukla Banská Bystrica,Ružomberok,0,2,2,No,No,0:1,0:2
2025-04-16,Kontu,Honka,0,9,2,No,Yes,0:4,0:9
2025-04-16,Musa,Ilves II,3,5,2,Yes,Yes,2:1,3:5
2025-04-16,TP-T,VPS,0,5,2,No,Yes,0:2,0:5
2025-04-16,FC Kangasala,SalPa II,0,2,2,No,No,0:2,0:2
2025-04-16,MaPS,P-Iirot,1,1,X,Yes,No,1:0,1:1
2025-04-16,Lahti II,Kooteepee,1,5,2,Yes,Yes,1:3,1:5
2025-04-16,Al Seeb,Al-Nahda,2,0,1,No,No,1:0,2:0
2025-04-16,Tårnby FF,Glostrup,3,0,1,No,Yes,1:0,3:0
2025-04-16,Lorca Deportiva,Unión Molinense,1,0,1,No,No,1:0,1:0
2025-04-16,FK Zalgiris Vilnius,Suduva Marijampole,3,0,1,No,Yes,1:0,3:0
2025-04-16,Dainava,Panevėžys,1,3,2,Yes,Yes,1:2,1:3
2025-04-16,Hvidovre,FC Fredericia,0,0,X,No,No,0:0,0:0
2025-04-16,Hobro,Vendsyssel FF,3,1,1,Yes,Yes,3:1,3:1
2025-04-16,Al Zawra'a,Al-Karma,2,0,1,No,No,1:0,2:0
2025-04-16,Erbil,Naft,2,3,2,Yes,Yes,1:2,2:3
2025-04-16,Al Suqoor,Al Bukayriyah,2,0,1,No,No,0:0,2:0
2025-04-16,VJS II,PuiU Helsinki,1,3,2,Yes,Yes,0:3,1:3
2025-04-16,TuS RW Koblenz,Kaiserslautern II,2,3,2,Yes,Yes,1:2,2:3
2025-04-16,Karbach,FV Engers 07,1,5,2,Yes,Yes,0:4,1:5
2025-04-16,Gonsenheim,Pirmasens,3,3,X,Yes,Yes,3:1,3:3
2025-04-16,Gebenbach,Neudrossenfeld,1,2,2,Yes,Yes,0:0,1:2
2025-04-16,Bramberg,ASV Salzburg,6,1,1,Yes,Yes,1:1,6:1
2025-04-16,Eugendorf,Anif,1,2,2,Yes,Yes,0:1,1:2
2025-04-16,Seekirchen,Hallwang,5,2,1,Yes,Yes,1:0,5:2
2025-04-16,Real Avilés,Langreo,0,0,X,No,No,0:0,0:0
2025-04-16,Platges Calvià,Felanitx,3,1,1,Yes,Yes,2:0,3:1
2025-04-16,Portmany,PE Sant Jordi,0,1,2,No,No,0:1,0:1
2025-04-16,Barcelona W,Sevilla W,5,1,1,Yes,Yes,2:1,5:1
2025-04-16,Extension Gunners,Gaborone United,0,2,2,No,No,None:None,0:2
2025-04-16,Haras El Hodood,Pyramids FC,2,0,1,No,No,1:0,2:0
2025-04-16,Ismaily SC,Al Ittihad,2,0,1,No,No,0:0,2:0
2025-04-16,Víkingur II,B36 II,5,0,1,No,Yes,5:0,5:0
2025-04-16,Silkeborg,Aalborg,4,0,1,No,Yes,4:0,4:0
2025-04-16,Ponnistajat,PPJ,0,3,2,No,Yes,0:2,0:3
2025-04-16,Iztapa,Aurora,2,1,1,Yes,Yes,2:1,2:1
2025-04-16,UFC Hallein,Neumarkt,3,0,1,No,Yes,2:0,3:0
2025-04-16,Valle Egüés,Cantolagua,0,0,X,No,No,0:0,0:0
2025-04-16,Oyonesa,Peña Balsamaiso,2,0,1,No,No,0:0,2:0
2025-04-16,Gnistan O35,Gnistan,0,5,2,No,Yes,0:1,0:5
2025-04-16,Büderich,Union Nettetal,0,2,2,No,No,0:0,0:2
2025-04-16,Auersmacher,Mechtersheim,2,1,1,Yes,Yes,0:0,2:1
2025-04-16,Eisbachtal,TuS Koblenz,3,2,1,Yes,Yes,2:0,3:2
2025-04-16,SC Idar-Oberstein,Arminia Ludwigshafen,1,6,2,Yes,Yes,0:4,1:6
2025-04-16,Salzburger AK,Golling,5,1,1,Yes,Yes,2:0,5:1
2025-04-16,Pasaia KE,Deportivo Alavés III,1,0,1,No,No,1:0,1:0
2025-04-16,Constància,Campos,3,0,1,No,Yes,2:0,3:0
2025-04-16,Oberneuland,Geestemünde,2,2,X,Yes,Yes,1:0,2:2
2025-04-16,Covadonga,Condal,5,0,1,No,Yes,3:0,5:0
2025-04-16,Casalarreina,River Ebro,3,1,1,Yes,Yes,2:1,3:1
2025-04-16,Varea,Tedeón,3,1,1,Yes,Yes,1:0,3:1
2025-04-16,Garde Nationale,Al Hilal Omdurman,0,5,2,No,Yes,0:2,0:5
2025-04-16,Dynamo,CSKA Moscow,0,0,X,No,No,0:0,0:0
2025-04-16,Moneni Pirates,Manzini Sea Birds,2,1,1,Yes,Yes,None:None,2:1
2025-04-16,Tropezón,Vimenor,1,0,1,No,No,0:0,1:0
2025-04-16,Aretxabaleta,Deusto,2,0,1,No,No,2:0,2:0
2025-04-16,Al-Hazm,Al Arabi SC,2,1,1,Yes,Yes,1:1,2:1
2025-04-16,Härmä,Tampere United II,1,3,2,Yes,Yes,1:1,1:3
2025-04-16,Schaffhausen II,Bazenheid,5,0,1,No,Yes,None:None,5:0
2025-04-16,Chur 97,Altstätten,3,2,1,Yes,Yes,None:None,3:2
2025-04-16,Gossau,Seefeld,1,1,X,Yes,No,0:0,1:1
2025-04-16,Red Star Zürich,Dardania St. Gallen,2,1,1,Yes,Yes,1:1,2:1
2025-04-16,Frauenfeld,Wil II,3,1,1,Yes,Yes,1:0,3:1
2025-04-16,Balzers,Uster,3,0,1,No,Yes,2:0,3:0
2025-04-16,Dübendorf,Arbon,2,2,X,Yes,Yes,0:0,2:2
2025-04-16,Thalwil,Locarno,3,2,1,Yes,Yes,1:0,3:2
2025-04-16,Sursee,Lachen / Altendorf,3,4,2,Yes,Yes,None:None,3:4
2025-04-16,Rothrist,Brunnen,0,4,2,No,Yes,0:1,0:4
2025-04-16,Cham II,Emmen,3,2,1,Yes,Yes,1:1,3:2
2025-04-16,Zug,Emmenbrücke,4,1,1,Yes,Yes,2:1,4:1
2025-04-16,Ibach,Gambarogno - Contone,2,3,2,Yes,Yes,1:3,2:3
2025-04-16,Lyss,Lerchenfeld,6,0,1,No,Yes,2:0,6:0
2025-04-16,Dornach,Old Boys,0,2,2,No,No,0:1,0:2
2025-04-16,Lommiswil,Ueberstorf,3,0,1,No,Yes,0:0,3:0
2025-04-16,Terre Sainte,Olympique de Genève,0,2,2,No,No,0:1,0:2
2025-04-16,Servette II,La Sarraz-Eclépens,2,0,1,No,No,0:0,2:0
2025-04-16,Thun II,FC Wohlen,0,5,2,No,Yes,0:1,0:5
2025-04-16,Freienbach,Kosova,1,2,2,Yes,Yes,0:1,1:2
2025-04-16,Monte,Barquereño,4,2,1,Yes,Yes,2:0,4:2
2025-04-16,Beasain,Derio,2,0,1,No,No,1:0,2:0
2025-04-16,Leioa,Durango,1,3,2,Yes,Yes,0:2,1:3
2025-04-16,Pamplona,Rotxapea,2,2,X,Yes,Yes,1:0,2:2
2025-04-16,Txantrea,Burladés,3,0,1,No,Yes,0:0,3:0
2025-04-16,Beti Onak,Huarte,1,2,2,Yes,Yes,1:0,1:2
2025-04-16,Náxara,Autol,4,0,1,No,Yes,1:0,4:0
2025-04-16,Tindastóll W,Fjard / Hött / Leiknir,1,0,1,No,No,0:0,1:0
2025-04-16,Víkingur Reykjavík W,Thór / KA W,1,4,2,Yes,Yes,0:2,1:4
2025-04-16,Valur W,FH W,0,0,X,No,No,0:0,0:0
2025-04-16,Unión Santa Fe Res.,Banfield Res.,0,0,X,No,No,0:0,0:0
2025-04-16,San Martín San Juan Res.,Platense Res.,1,1,X,Yes,No,0:0,1:1
2025-04-16,Rosario Central Res.,Gimnasia La Plata Res.,0,0,X,No,No,0:0,0:0
2025-04-16,Sarmiento Res.,Talleres Córdoba Res.,0,2,2,No,No,0:0,0:2
2025-04-16,Santos U20,Fluminense U20,1,2,2,Yes,Yes,1:1,1:2
2025-04-16,Vasco da Gama U20,Athletico PR U20,0,1,2,No,No,0:0,0:1
2025-04-16,América Mineiro U20,RB Bragantino U20,0,0,X,No,No,0:0,0:0
2025-04-16,Internacional U20,Bahia U20,0,3,2,No,Yes,0:3,0:3
2025-04-16,Cruzeiro U20,Flamengo U20,0,1,2,No,No,0:1,0:1
2025-04-16,Fortaleza U20,Atlético GO U20,2,0,1,No,No,0:0,2:0
2025-04-16,Botafogo U20,São Paulo U20,0,0,X,No,No,0:0,0:0
2025-04-16,Juventude U20,Grêmio U20,1,0,1,No,No,0:0,1:0
2025-04-16,Bahia W,Real Brasília,2,0,1,No,No,0:0,2:0
2025-04-16,America Mineiro W,Gremio W,0,0,X,No,No,0:0,0:0
2025-04-16,Sport Recife U20,Goiás U20,0,0,X,No,No,0:0,0:0
2025-04-16,Sampaio Corrêa U20,Botafogo SP U20,2,1,1,Yes,Yes,2:1,2:1
2025-04-16,Vitória U20,Ceará U20,3,1,1,Yes,Yes,1:1,3:1
2025-04-16,Criciuma U20,Coritiba U20,1,1,X,Yes,No,0:1,1:1
2025-04-16,Operário PR U20,Ponte Preta U20,1,1,X,Yes,No,0:0,1:1
2025-04-16,Ituano U20,Brusque U20,5,0,1,No,Yes,0:0,5:0
2025-04-16,Chapecoense U20,Avaí U20,0,2,2,No,No,0:2,0:2
2025-04-16,Vardar Skopje,FK Crvena Zvezda,1,3,2,Yes,Yes,1:2,1:3
2025-04-16,Bosporus,Pratteln,1,2,2,Yes,Yes,0:0,1:2
2025-04-16,Ajoie-Monterri,Stade-Lausanne-Ouchy II,0,1,2,No,No,0:0,0:1
2025-04-16,Bosna Neuchâtel,Düdingen,1,1,X,Yes,No,1:0,1:1
2025-04-16,Romontois,Collex-Bossy,1,1,X,Yes,No,1:0,1:1
2025-04-16,Gares,Mutilvera,0,0,X,No,No,0:0,0:0
2025-04-16,LPRC Oilers,Discoveries,5,3,1,Yes,Yes,2:3,5:3
2025-04-16,Newcastle,Crystal Palace,5,0,1,No,Yes,4:0,5:0
2025-04-16,Binningen,Tavannes / Tramelan,0,1,2,No,No,None:None,0:1
2025-04-16,Concordia Lausanne,Châtel-St-Denis,3,1,1,Yes,Yes,3:0,3:1
2025-04-16,UGS,Amical Saint-Prex,1,2,2,Yes,Yes,None:None,1:2
2025-04-16,Signal,Pully Football,0,1,2,No,No,0:1,0:1
2025-04-16,Stade-Lausanne-Ouchy III,Farvagny / Ogoz,1,6,2,Yes,Yes,None:None,1:6
2025-04-16,Collombey-Muraz,Echichens,0,1,2,No,No,None:None,0:1
2025-04-16,Beti Kozkor,Ardoi,0,0,X,No,No,0:0,0:0
2025-04-16,Cirbonero,Peña Sport,0,0,X,No,No,0:0,0:0
2025-04-16,UD Logroñés II,Agoncillo,3,0,1,No,Yes,1:0,3:0
2025-04-16,Comillas,Yagüe,1,2,2,Yes,Yes,1:0,1:2
2025-04-16,Acassuso,Midland,1,1,X,Yes,No,0:0,1:1
2025-04-16,07 Vestur II,NSÍ II,2,3,2,Yes,Yes,1:1,2:3
2025-04-16,Olimpo Bahia Blanca,Sol de Mayo,1,1,X,Yes,No,1:0,1:1
2025-04-16,UE Santa Coloma,Inter Club d'Escaldes,1,2,2,Yes,Yes,0:1,1:2
2025-04-16,Vila Nova U20,CRB U20,2,1,1,Yes,Yes,1:1,2:1
2025-04-16,SC Covilha,Lusitânia,1,2,2,Yes,Yes,0:0,1:2
2025-04-16,Sportivo Ameliano,General Caballero,0,1,2,No,No,0:0,0:1
2025-04-16,Rionegro Aguilas,Union Magdalena,1,1,X,Yes,No,0:0,1:1
2025-04-16,Cuiabá U20,Palmeiras U20,2,2,X,Yes,Yes,0:0,2:2
2025-04-16,Inter,Bayern München,2,2,X,Yes,Yes,0:0,2:2
2025-04-16,Real Madrid,Arsenal,1,2,2,Yes,Yes,0:0,1:2
2025-04-16,Juventude W,RB Bragantino W,1,0,1,No,No,1:0,1:0
2025-04-16,São Paulo W,Sport Recife W,2,1,1,Yes,Yes,2:1,2:1
2025-04-16,Independ. Rivadavia,CA Estudiantes,1,0,1,No,No,1:0,1:0
2025-04-16,KÍ II,EB / Streymur II,2,1,1,Yes,Yes,0:1,2:1
2025-04-16,Santa Fe,Jarabacoa,2,1,1,Yes,Yes,2:1,2:1
2025-04-16,Vargas Torres,Leones del Norte,1,1,X,Yes,No,1:0,1:1
2025-04-16,Achuapa,Marquense,1,0,1,No,No,1:0,1:0
2025-04-16,Vega Real,San Cristóbal,3,0,1,No,Yes,0:0,3:0
2025-04-16,Democracia,San Benito,1,1,X,Yes,No,None:None,1:1
2025-04-16,Once Caldas,La Equidad,3,0,1,No,Yes,0:0,3:0
2025-04-16,Club Guarani,2 de Mayo,0,1,2,No,No,0:1,0:1
2025-04-16,Botafogo,Sao Paulo,2,2,X,Yes,Yes,1:2,2:2
2025-04-16,Argentinos JRS,Central Norte,3,0,1,No,Yes,1:0,3:0
2025-04-16,Lexington W,Spokane Zephyr W,0,3,2,No,Yes,0:2,0:3
2025-04-16,Santa Ana,Municipal Liberia,1,4,2,Yes,Yes,0:3,1:4
2025-04-16,Universidad O&M,Moca,0,1,2,No,No,0:0,0:1
2025-04-16,Mirassol,Gremio,4,1,1,Yes,Yes,2:0,4:1
2025-04-16,Sport Recife,RB Bragantino,0,1,2,No,No,0:1,0:1
2025-04-16,Boca Juniors Res.,Defensa y Justicia Res.,1,0,1,No,No,1:0,1:0
2025-04-16,Real Estelí U20,Deportivo Ocotal U20,7,0,1,No,Yes,4:0,7:0
2025-04-16,Corinthians,Fluminense,0,2,2,No,No,0:0,0:2
2025-04-16,Internacional,Palmeiras,0,1,2,No,No,0:0,0:1
2025-04-16,Trem,Oratório,0,1,2,No,No,0:0,0:1
2025-04-16,Paysandu,Chapecoense-sc,0,2,2,No,No,0:2,0:2
2025-04-16,Avai,Operario-PR,1,0,1,No,No,1:0,1:0
2025-04-16,Detroit City,Westchester SC,3,1,1,Yes,Yes,0:0,3:1
2025-04-16,Naples,Tampa Bay Rowdies,1,1,X,Yes,No,1:1,1:1
2025-04-16,Diriangén U20,Walter Ferretti U20,0,2,2,No,No,0:0,0:2
2025-04-16,UNAN Managua,Managua,1,3,2,Yes,Yes,0:2,1:3
2025-04-16,Atletico Nacional,Chico,4,1,1,Yes,Yes,1:0,4:1
2025-04-16,Atlético Tembetary,Olimpia,0,1,2,No,No,0:0,0:1
2025-04-16,Indy Eleven,Miami FC,1,0,1,No,No,0:0,1:0
2025-04-16,Porto Velho,Guaporé,0,1,2,No,No,0:0,0:1
